core_name,latitude,longitude,elevation,year,depth_to_550,depth_to_830,source,citation,region
Wegener_RA145_1930-07-21,71.192,-46.989,2155.0,1930,0.94,,SUMUP 2024,Jülg (1939) as in Abermann et al. (2023),Greenland
Wegener_RA170_1930-07-22,71.191,-46.281,2255.0,1930,0.704,,SUMUP 2024,Jülg (1939) as in Abermann et al. (2023),Greenland
Eismitte_1931-01-22,71.183,-39.933,3010.0,1931,8.273,,SUMUP 2024,Sorge et al. (1935) as in Abermann et al. (2023),Greenland
Eismitte_1931-03-04,71.183,-39.933,3010.0,1931,12.921,,SUMUP 2024,Sorge et al. (1935) as in Abermann et al. (2023),Greenland
Eismitte_1931-04-23,71.183,-39.933,3010.0,1931,14.023,,SUMUP 2024,Sorge et al. (1935) as in Abermann et al. (2023),Greenland
,76.411,-67.815,850.0,1953,0.591,,SUMUP 2024,"Benson (1962, 2010, 2013)",Greenland
,76.544,-66.204,908.0,1953,2.972,2.9,SUMUP 2024,"Benson (1962, 2010, 2013)",Greenland
,77.3,-49.94,2441.0,1953,10.424,,SUMUP 2024,"Benson (1962, 2010, 2013)",Greenland
Eismitte,71.183,-39.933,3000.0,1954,14.125,,SUMUP 2024,Bader (1954) as in Spencer et al. (2001),Greenland
,76.367,-67.992,745.0,1954,3.372,2.578,SUMUP 2024,"Benson (1962, 2010, 2013)",Greenland
,76.402,-67.308,799.0,1954,3.256,,SUMUP 2024,"Benson (1962, 2010, 2013)",Greenland
,76.518,-66.387,874.0,1954,2.839,,SUMUP 2024,"Benson (1962, 2010, 2013)",Greenland
,76.722,-65.39,1310.0,1954,11.866,,SUMUP 2024,"Benson (1962, 2010, 2013)",Greenland
,77.238,-62.328,1704.0,1954,10.396,16.225,SUMUP 2024,"Benson (1962, 2010, 2013)",Greenland
,77.217,-61.022,1864.0,1954,8.648,,SUMUP 2024,"Benson (1962, 2010, 2013)",Greenland
,77.183,-60.393,1887.0,1954,10.308,,SUMUP 2024,"Benson (1962, 2010, 2013)",Greenland
,77.128,-58.445,1905.0,1954,8.736,,SUMUP 2024,"Benson (1962, 2010, 2013)",Greenland
,77.093,-57.818,1919.0,1954,11.401,,SUMUP 2024,"Benson (1962, 2010, 2013)",Greenland
,77.15,-62.9,1630.0,1955,0.708,,SUMUP 2024,"Benson (1962, 2010, 2013)",Greenland
,72.467,-40.333,3104.0,1955,3.637,,SUMUP 2024,"Benson (1962, 2010, 2013)",Greenland
,70.462,-43.583,2646.0,1955,5.165,,SUMUP 2024,"Benson (1962, 2010, 2013)",Greenland
,70.105,-45.733,2283.0,1955,5.847,,SUMUP 2024,"Benson (1962, 2010, 2013)",Greenland
,70.04,-46.133,2206.0,1955,6.501,,SUMUP 2024,"Benson (1962, 2010, 2013)",Greenland
,69.977,-46.5,2146.0,1955,4.429,,SUMUP 2024,"Benson (1962, 2010, 2013)",Greenland
,69.917,-46.933,2012.0,1955,6.876,,SUMUP 2024,"Benson (1962, 2010, 2013)",Greenland
Camp_VI_1959,69.7,-48.267,1598.0,1959,4.649,,SUMUP 2024,Renaud et al. (1959),Greenland
T15 1959,70.303,-44.57,2491.0,1959,10.41,,SUMUP 2024,Renaud et al. (1959),Greenland
T31_1959,70.909,-40.64,3008.0,1959,11.654,,SUMUP 2024,Renaud et al. (1959),Greenland
T43_1959,71.117,-37.317,3174.0,1959,12.924,,SUMUP 2024,Renaud et al. (1959),Greenland
T53_1959,71.35,-33.483,2867.0,1959,15.107,,SUMUP 2024,Renaud et al. (1959),Greenland
T61_1959,72.233,-32.333,2750.0,1959,12.867,,SUMUP 2024,Renaud et al. (1959),Greenland
Camp Century,77.183,-61.167,1886.0,1963,12.35,72.1,SUMUP 2024,Kovacs et al. (1969) as in Spencer et al. (2001),Greenland
Site 2,76.983,-56.067,2000.0,1965,11.818,73.299,SUMUP 2024,Langway (1967) as in Spencer et al. (2001),Greenland
Carrefour 1967,69.824,-47.432,1850.0,1967,7.155,,SUMUP 2024,Ambach 1970,Greenland
Inge Lehmann,77.95,-39.183,2407.0,1973,15.712,58.5,SUMUP 2024,Gow (1973) as in Spencer et al. (2001),Greenland
1D (3001),64.85,-43.347,2708.0,1981,2.465,,SUMUP 2024,van der Veen et al. (2001),Greenland
8D (3008),64.85,-43.347,2708.0,1981,8.973,9.007,SUMUP 2024,van der Veen et al. (2001),Greenland
L1 (1001),65.388,-46.326,2029.0,1981,6.233,10.843,SUMUP 2024,van der Veen et al. (2001),Greenland
L2 (12.18),65.388,-46.327,2184.0,1981,10.286,12.811,SUMUP 2024,van der Veen et al. (2001),Greenland
L5 (15.12),65.388,-46.327,1967.0,1981,6.941,6.048,SUMUP 2024,van der Veen et al. (2001),Greenland
U3 (2003),64.933,-44.403,2574.0,1981,5.558,,SUMUP 2024,van der Veen et al. (2001),Greenland
U4 (2004),64.982,-45.973,2489.0,1981,9.424,11.55,SUMUP 2024,van der Veen et al. (2001),Greenland
U6 (2006),65.293,-44.166,2472.0,1981,9.732,12.08,SUMUP 2024,van der Veen et al. (2001),Greenland
U7 (2007),65.247,-44.591,2535.0,1981,10.212,13.93,SUMUP 2024,van der Veen et al. (2001),Greenland
Dye3-11B-1984,65.183,-43.833,2479.0,1983,11.825,,SUMUP 2024,"Clausen H.B., pers. comm. as in Spencer et al. (2001)",Greenland
Dye3-15B-1984,65.183,-43.833,2479.0,1983,13.082,,SUMUP 2024,"Clausen H.B., pers. comm. as in Spencer et al. (2001)",Greenland
Dye3-16C-1984,65.183,-43.833,2479.0,1983,15.361,,SUMUP 2024,"Clausen H.B., pers. comm. as in Spencer et al. (2001)",Greenland
Dye3-4B-1983,65.183,-43.833,2479.0,1983,11.062,75.628,SUMUP 2024,"Clausen H.B., pers. comm. as in Spencer et al. (2001)",Greenland
Dye3-5B-1984,65.183,-43.833,2479.0,1983,11.159,,SUMUP 2024,"Clausen H.B., pers. comm. as in Spencer et al. (2001)",Greenland
Dye3-9B-1984,65.183,-43.833,2479.0,1983,10.175,,SUMUP 2024,"Clausen H.B., pers. comm. as in Spencer et al. (2001)",Greenland
Dye3-station1-1983,65.183,-43.833,2479.0,1983,12.365,,SUMUP 2024,"Clausen H.B., pers. comm. as in Spencer et al. (2001)",Greenland
,65.1,-44.87,2625.0,1984,6.383,56.705,SUMUP 2024,Mayewski et al. (2016d),Greenland
Site 13,72.886,-38.843,3209.0,1987,13.8,,SUMUP 2024,van der Veen et al. (2001),Greenland
Site 15,72.981,-36.296,3229.0,1987,14.158,,SUMUP 2024,van der Veen et al. (2001),Greenland
Site 31,72.349,-39.786,3151.0,1987,14.779,,SUMUP 2024,van der Veen et al. (2001),Greenland
Site 37,72.641,-34.055,3217.0,1987,12.987,,SUMUP 2024,van der Veen et al. (2001),Greenland
Site 51,71.927,-38.165,3150.0,1987,13.853,,SUMUP 2024,van der Veen et al. (2001),Greenland
Site 57,71.921,-34.04,3149.0,1987,7.579,,SUMUP 2024,van der Veen et al. (2001),Greenland
Site 571,72.212,-34.332,3149.0,1987,12.878,,SUMUP 2024,van der Veen et al. (2001),Greenland
Site 73,71.602,-37.864,3218.0,1987,14.875,,SUMUP 2024,van der Veen et al. (2001),Greenland
Site A,70.75,-35.958,3145.0,1987,14.5,81.167,SUMUP 2024, Alley (1987) as in Spencer et al. (2001),Greenland
Summit,72.294,-36.078,3263.0,1987,15.449,,SUMUP 2024,van der Veen et al. (2001),Greenland
,77.981,-37.704,3188.0,1987,14.158,,SUMUP 2024,"Bolzan and Strobel (1999a,b,c,d,e,f,g,h,i,j,k,l,m,n,o)",Greenland
,72.212,-35.667,3087.0,1987,12.878,,SUMUP 2024,"Bolzan and Strobel (2001a,b)",Greenland
,72.294,-37.921,3215.0,1987,8.028,,SUMUP 2024,"Bolzan and Strobel (2001a,b)",Greenland
,71.602,-38.141,3168.0,1987,14.875,,SUMUP 2024,"Bolzan and Strobel (1999a,b,c,d,e,f,g,h,i,j,k,l,m,n,o)",Greenland
,71.921,-35.959,3090.0,1987,7.579,,SUMUP 2024,"Bolzan and Strobel (1999a,b,c,d,e,f,g,h,i,j,k,l,m,n,o)",Greenland
,72.641,-35.944,3160.0,1987,12.987,,SUMUP 2024,"Bolzan and Strobel (1999a,b,c,d,e,f,g,h,i,j,k,l,m,n,o)",Greenland
,72.349,-40.214,3115.0,1987,14.779,,SUMUP 2024,"Bolzan and Strobel (1999a,b,c,d,e,f,g,h,i,j,k,l,m,n,o)",Greenland
,72.886,-39.157,3167.0,1987,13.8,,SUMUP 2024,"Bolzan and Strobel (1999a,b,c,d,e,f,g,h,i,j,k,l,m,n,o)",Greenland
,71.927,-39.835,3112.0,1987,13.853,,SUMUP 2024,"Bolzan and Strobel (1999a,b,c,d,e,f,g,h,i,j,k,l,m,n,o)",Greenland
"Site A, (Crete)",70.635,-35.82,3092.0,1988,14.758,75.955,SUMUP 2024,Clausen et al. (1988) as in Spencer et al. (2001),Greenland
Site B,70.659,-35.479,3138.0,1988,16.965,77.726,SUMUP 2024,Clausen et al. (1988) as in Spencer et al. (2001),Greenland
Site C,70.677,-35.787,3072.0,1988,15.675,,SUMUP 2024,Clausen et al. (1988) as in Spencer et al. (2001),Greenland
Site D,70.64,-35.618,3018.0,1988,14.025,75.618,SUMUP 2024,Clausen et al. (1988) as in Spencer et al. (2001),Greenland
Site E,71.759,-35.851,3087.0,1988,16.225,68.697,SUMUP 2024,Clausen et al. (1988) as in Spencer et al. (2001),Greenland
Site F,71.492,-35.881,3092.0,1988,16.225,,SUMUP 2024,Clausen et al. (1988) as in Spencer et al. (2001),Greenland
Site G,71.155,-35.838,3098.0,1988,15.125,,SUMUP 2024,Clausen et al. (1988) as in Spencer et al. (2001),Greenland
Site H,70.865,-35.838,3102.0,1988,15.125,,SUMUP 2024,Clausen et al. (1988) as in Spencer et al. (2001),Greenland
Site J,66.87,-46.26,2030.0,1989,8.062,52.603,SUMUP 2024,Kameda et al. (1995),Greenland
Summit_EUROCORE,72.58,-37.64,,1989,17.663,73.887,SUMUP 2024,"Fourteau (2019a,b,c)",Greenland
,72.58,-38.459,3216.0,1989,0.841,,SUMUP 2024,Mayewski and Whitlow (2016),Greenland
,72.58,-38.459,3216.0,1989,0.109,,SUMUP 2024,Mayewski and Whitlow (2016),Greenland
,72.58,-38.459,3216.0,1989,0.208,,SUMUP 2024,Mayewski and Whitlow (2016),Greenland
,72.58,-38.459,3216.0,1989,1.312,,SUMUP 2024,Mayewski and Whitlow (2016),Greenland
GRIP,72.567,-37.617,3230.0,1990,16.435,80.73,SUMUP 2024," Johnsen, S. pers. comm. as in Spencer et al. (2001)",Greenland
,72.58,-38.459,3216.0,1990,3.45,,SUMUP 2024,Mayewski and Whitlow (2016),Greenland
,72.596,-38.422,3200.0,1990,3.419,,SUMUP 2024,Dibb et al. (2017),Greenland
BPRC_1993,65.293,-45.834,,1993,7.817,4.706,SUMUP 2024,BPRC 1993 in Jezek (2012),Greenland
ngt03C93.2_B16,73.94,-37.63,3040.0,1993,13.012,59.827,SUMUP 2024,"Wilhelms et al. (2000a,b,c,d)",Greenland
ngt06C93.2_B17,75.25,-37.625,2820.0,1993,14.21,59.285,SUMUP 2024,"Wilhelms et al. (2000a,b,c,d)",Greenland
ngt14C93.2_B18,76.617,-36.403,2508.0,1993,13.934,57.952,SUMUP 2024,"Wilhelms et al. (2000a,b,c,d)",Greenland
ngt19C.0_B19,78.0,-36.23,2234.0,1994,17.107,63.926,SUMUP 2024,NGT: Wilhelms (1996),Greenland
ngt27C94.2_B21,80.0,-41.137,2185.0,1994,15.316,58.327,SUMUP 2024,"Wilhelms et al. (2000a,b,c,d)",Greenland
Humboldt-E,78.598,-55.699,2045.0,1995,14.125,,SUMUP 2024,Mosley-Thompson et al. (2001),Greenland
Humboldt-M,78.527,-56.83,1995.0,1995,16.593,63.973,SUMUP 2024,Mosley-Thompson et al. (2001),Greenland
Humboldt-M2,78.527,-56.83,1995.0,1995,16.097,,SUMUP 2024,Mosley-Thompson et al. (2001),Greenland
Humboldt-N,78.751,-56.83,1905.0,1995,15.685,,SUMUP 2024,Mosley-Thompson et al. (2001),Greenland
Humboldt-S,78.315,-56.826,2058.0,1995,13.91,,SUMUP 2024,Mosley-Thompson et al. (2001),Greenland
Humboldt-W,78.452,-57.958,1924.0,1995,13.213,,SUMUP 2024,Mosley-Thompson et al. (2001),Greenland
NASA-U_Henderson,73.842,-49.498,2369.0,1995,14.748,80.895,SUMUP 2024,Mosley-Thompson et al. (2001),Greenland
ngt37C95.2_B26,77.253,-49.217,2598.0,1995,13.63,64.752,SUMUP 2024,"Miller and Schwager (2000a,b)",Greenland
ngt42C95.2_B29,76.004,-43.492,2874.0,1995,16.393,64.067,SUMUP 2024,"Miller and Schwager (2000a,b)",Greenland
GITS-Core1,77.0,-61.095,,1996,13.8,,"""PKM standardized cores""",,Greenland
GITS_core_1_1996,77.143,-61.095,1887.0,1996,14.808,,SUMUP 2024,Mosley-Thompson et al. (2001),Greenland
GITS_core_2_1996,77.143,-61.095,1887.0,1996,14.251,83.311,SUMUP 2024,Mosley-Thompson et al. (2001),Greenland
Tunu-1,78.017,-33.994,2113.0,1996,13.742,,SUMUP 2024,Mosley-Thompson et al. (2001),Greenland
Tunu-N25,78.33,-33.888,2050.0,1996,13.853,,SUMUP 2024,Mosley-Thompson et al. (2001),Greenland
Tunu-N_main,78.017,-33.994,2113.0,1996,13.646,58.862,SUMUP 2024,Mosley-Thompson et al. (2001),Greenland
PARCA_7147_1997,71.05,-47.23,2134.0,1997,9.935,,SUMUP 2024,Mosley-Thompson et al. (2001),Greenland
PARCA_7247_1997,71.926,-47.487,2277.0,1997,12.301,,SUMUP 2024,Mosley-Thompson et al. (2001),Greenland
PARCA_7551_1997,75.0,-51.0,2200.0,1997,12.01,,SUMUP 2024,Mosley-Thompson et al. (2001),Greenland
PARCA_7653B_1997,76.0,-53.0,2200.0,1997,12.715,,SUMUP 2024,Mosley-Thompson et al. (2001),Greenland
PARCA_NASAEASTA_1997,75.0,-30.0,2631.0,1997,11.906,,SUMUP 2024,Mosley-Thompson et al. (2001),Greenland
PARCA_NDYE3A&B_1997,66.0,-44.501,2640.0,1997,5.756,,SUMUP 2024,Mosley-Thompson et al. (2001),Greenland
PARCA_SDOMEA_1997,63.149,-44.817,2850.0,1997,9.248,,SUMUP 2024,Mosley-Thompson et al. (2001),Greenland
PARCA_STUNUA_1997,69.5,-34.5,2650.0,1997,12.683,,SUMUP 2024,Mosley-Thompson et al. (2001),Greenland
South_Dome_1,63.0,-44.187,,1997,13.14,,"""PKM standardized cores""",,Greenland
Dye 2 (Raven) Core A,66.478,-46.285,2119.0,1998,4.458,58.339,SUMUP 2024,Mosley-Thompson et al. (2001),Greenland
Dye 2 (Raven) Core B,66.478,-46.285,2119.0,1998,8.068,,SUMUP 2024,Mosley-Thompson et al. (2001),Greenland
PARCA_6345_1998,63.8,-45.0,2730.0,1998,11.841,,SUMUP 2024,Mosley-Thompson et al. (2001),Greenland
PARCA_6348_1998,63.0,-48.0,1960.0,1998,4.851,,SUMUP 2024,Mosley-Thompson et al. (2001),Greenland
PARCA_6642B_1998,66.5,-42.5,2380.0,1998,10.965,,SUMUP 2024,Mosley-Thompson et al. (2001),Greenland
PARCA_6745_1998,67.5,-45.0,2250.0,1998,10.431,,SUMUP 2024,Mosley-Thompson et al. (2001),Greenland
PARCA_6841_1998,68.0,-41.0,2640.0,1998,11.411,,SUMUP 2024,Mosley-Thompson et al. (2001),Greenland
PARCA_6938_1998,69.0,-38.0,2920.0,1998,11.536,,SUMUP 2024,Mosley-Thompson et al. (2001),Greenland
PARCA_6943_1998,69.2,-43.0,2500.0,1998,11.607,,SUMUP 2024,Mosley-Thompson et al. (2001),Greenland
PARCA_6945_1998,69.0,-45.0,2150.0,1998,9.962,,SUMUP 2024,Mosley-Thompson et al. (2001),Greenland
PARCA_7145_1998,71.5,-45.0,2615.0,1998,11.384,,SUMUP 2024,Mosley-Thompson et al. (2001),Greenland
PARCA_7249_1998,72.2,-49.4,2170.0,1998,11.455,,SUMUP 2024,Mosley-Thompson et al. (2001),Greenland
PARCA_7345_1998,73.0,-45.0,2815.0,1998,13.379,,SUMUP 2024,Mosley-Thompson et al. (2001),Greenland
GC-Net_Summit,72.58,-38.505,3254.0,1999,1.281,0.491,SUMUP 2024,GEUS snow and firn data (2023),Greenland
NGRIP_1999,75.1,-42.32,2917.0,1999,17.738,,SUMUP 2024,Vallelonga et al. (2014),Greenland
Basin1,71.8,-42.4419,,2003,13.25,,"""PKM standardized cores""",,Greenland
Basin2,68.0,-44.8278,,2003,10.35,,"""PKM standardized cores""",,Greenland
Basin4,62.0,-46.34,,2003,3.83,,"""PKM standardized cores""",,Greenland
Basin5,63.93,-46.3539,,2003,5.68,,"""PKM standardized cores""",,Greenland
Basin6,67.0,-41.7489,,2003,10.38,,"""PKM standardized cores""",,Greenland
Basin7,67.52,-40.4061,,2003,10.27,,"""PKM standardized cores""",,Greenland
Basin8,70.0,-36.4,,2003,13.3,,"""PKM standardized cores""",,Greenland
Basin9,65.01,-44.87,,2003,11.26,,"""PKM standardized cores""",,Greenland
D1,64.5,-43.5,2580.0,2003,9.91,73.46,"""PKM standardized cores""",,Greenland
D2,71.8,-46.2,2534.0,2003,12.01,79.58,"""PKM standardized cores""",,Greenland
D3,69.8,-44.0,2433.0,2003,11.37,63.96,"""PKM standardized cores""",,Greenland
D4,71.4167,-44.0333,2999.0,2003,12.5,68.46,"""PKM standardized cores""",,Greenland
D5,68.5,-42.9,2715.0,2003,11.6,65.85,"""PKM standardized cores""",,Greenland
Das1,66.0056,-43.9878,,2003,10.9,69.75,"""PKM standardized cores""",,Greenland
Das2,67.5272,-36.0614,,2003,12.25,81.18,"""PKM standardized cores""",,Greenland
Sandy,72.55,-38.3167,3281.0,2003,9.51,76.68,"""PKM standardized cores""",,Greenland
ACT_1,66.0,-46.5511,,2004,4.85,,"""PKM standardized cores""",,Greenland
ACT_2,66.0119,-45.1581,2419.0,2004,12.91,73.56,"""PKM standardized cores""",,Greenland
ACT_3,66.0,-43.6069,,2004,11.21,77.42,"""PKM standardized cores""",,Greenland
T12_2004_Apr,70.176,-45.34,2348.0,2004,12.066,,SUMUP 2024,Morris and Wingham (2014),Greenland
T15_2004_Apr,70.303,-44.57,2491.0,2004,8.773,,SUMUP 2024,Morris and Wingham (2014),Greenland
T19_2004_Apr,70.47,-43.56,2659.0,2004,10.572,,SUMUP 2024,Morris and Wingham (2014),Greenland
T21_2004_May,70.544,-43.02,2737.0,2004,11.224,,SUMUP 2024,Morris and Wingham (2014),Greenland
T21_2004_May_a,70.544,-43.02,2737.0,2004,11.252,,SUMUP 2024,Morris and Wingham (2014),Greenland
T21_2004_Sep,70.544,-43.02,2737.0,2004,8.942,,SUMUP 2024,Morris and Wingham (2014),Greenland
T23_2004_May,70.625,-42.58,2794.0,2004,11.252,,SUMUP 2024,Morris and Wingham (2014),Greenland
T27_2004_May,70.775,-41.54,2913.0,2004,11.128,,SUMUP 2024,Morris and Wingham (2014),Greenland
T31_2004_May,70.909,-40.64,3008.0,2004,12.415,,SUMUP 2024,Morris and Wingham (2014),Greenland
T35_2004_May,70.976,-39.55,3096.0,2004,11.66,,SUMUP 2024,Morris and Wingham (2014),Greenland
T41_2004_Aug,71.079,-37.92,3201.0,2004,11.125,,SUMUP 2024,Morris and Wingham (2014),Greenland
T41_2004_Aug_b,71.079,-37.92,3201.0,2004,11.198,,SUMUP 2024,Morris and Wingham (2014),Greenland
T41_2004_Aug_c,71.079,-37.92,3201.0,2004,12.256,,SUMUP 2024,Morris and Wingham (2014),Greenland
T41_2004_May,71.079,-37.92,3201.0,2004,11.575,,SUMUP 2024,Morris and Wingham (2014),Greenland
T41_2004_May_a,71.079,-37.92,3201.0,2004,11.326,,SUMUP 2024,Morris and Wingham (2014),Greenland
T41_2004_May_c,71.079,-37.92,3201.0,2004,11.684,,SUMUP 2024,Morris and Wingham (2014),Greenland
,72.55,-38.1,3209.0,2005,0.64,,SUMUP 2024,Chellman et al. (2009),Greenland
T05_2006_Aug,69.851,-47.25,1940.0,2006,7.886,8.705,SUMUP 2024,Morris and Wingham (2014),Greenland
T09_2006_Aug,70.02,-46.31,2144.0,2006,6.526,,SUMUP 2024,Morris and Wingham (2014),Greenland
T12_2006_May,70.176,-45.34,2348.0,2006,5.845,,SUMUP 2024,Morris and Wingham (2014),Greenland
T15_2006_Aug,70.303,-44.57,2491.0,2006,6.17,,SUMUP 2024,Morris and Wingham (2014),Greenland
T15_2006_May,70.303,-44.57,2491.0,2006,7.396,,SUMUP 2024,Morris and Wingham (2014),Greenland
T19_2006_Aug,70.47,-43.56,2659.0,2006,7.9,,SUMUP 2024,Morris and Wingham (2014),Greenland
T19_2006_May,70.47,-43.56,2659.0,2006,9.08,,SUMUP 2024,Morris and Wingham (2014),Greenland
T21_2006_Aug,70.544,-43.02,2737.0,2006,5.887,,SUMUP 2024,Morris and Wingham (2014),Greenland
T21_2006_Aug_a,70.544,-43.02,2737.0,2006,7.548,,SUMUP 2024,Morris and Wingham (2014),Greenland
T31_2006_May,70.909,-40.64,3008.0,2006,7.527,,SUMUP 2024,Morris and Wingham (2014),Greenland
T35_2006_Jul,70.976,-39.55,3096.0,2006,7.103,,SUMUP 2024,Morris and Wingham (2014),Greenland
T35_2006_May,70.976,-39.55,3096.0,2006,6.905,,SUMUP 2024,Morris and Wingham (2014),Greenland
T41_2006_Jul,71.079,-37.92,3201.0,2006,9.259,,SUMUP 2024,Morris and Wingham (2014),Greenland
T41_2006_Jul_a,71.079,-37.92,3201.0,2006,8.408,,SUMUP 2024,Morris and Wingham (2014),Greenland
T41_2006_May,71.079,-37.92,3201.0,2006,8.555,,SUMUP 2024,Morris and Wingham (2014),Greenland
T41_2006_May_c,71.079,-37.92,3201.0,2006,9.014,,SUMUP 2024,Morris and Wingham (2014),Greenland
,72.55,-38.309,3210.0,2006,8.504,,SUMUP 2024,Fain et al. (2009),Greenland
CP_2007,69.9,-47.0,2000.0,2007,12.709,80.138,SUMUP 2024,Porter and Mosley-Thompson (2014),Greenland
NEEM07S3,77.45,-51.06,2460.0,2007,15.205,76.728,SUMUP 2024,Steen-Larsen et al. (2011),Greenland
T1-1,70.0,-48.060967,1710.0,2007,0.35,,"""PKM standardized cores""",,Greenland
T2-1,70.0,-47.880203,1750.0,2007,2.93,,"""PKM standardized cores""",,Greenland
T3-1,70.0,-47.670183,1819.0,2007,0.415,,"""PKM standardized cores""",,Greenland
,69.738,-48.061,1710.0,2007,6.026,6.338,SUMUP 2024,Harper et al. (2012),Greenland
,69.757,-47.88,1750.0,2007,8.1,,SUMUP 2024,Harper et al. (2012),Greenland
,69.784,-47.67,1819.0,2007,8.762,5.574,SUMUP 2024,Harper et al. (2012),Greenland
,69.801,-47.568,1845.0,2007,6.787,,SUMUP 2024,Harper et al. (2012),Greenland
,69.806,-47.542,1856.0,2007,2.009,,SUMUP 2024,Harper et al. (2012),Greenland
,69.793,-47.608,1835.0,2007,8.719,,SUMUP 2024,Harper et al. (2012),Greenland
,69.82,-47.45,1877.0,2007,1.874,,SUMUP 2024,Harper et al. (2012),Greenland
,69.848,-47.274,1932.0,2007,4.009,,SUMUP 2024,Harper et al. (2012),Greenland
,69.876,-47.01,1997.0,2007,6.64,,SUMUP 2024,Harper et al. (2012),Greenland
,69.876,-47.01,1997.0,2007,9.473,,SUMUP 2024,Harper et al. (2012),Greenland
,69.876,-47.01,1997.0,2007,8.993,,SUMUP 2024,Harper et al. (2012),Greenland
,69.876,-47.01,1997.0,2007,5.607,,SUMUP 2024,Harper et al. (2012),Greenland
,69.876,-47.01,1997.0,2007,9.339,,SUMUP 2024,Harper et al. (2012),Greenland
,72.594,-38.625,3210.0,2007,16.585,,SUMUP 2024,Adolph et al. (2014),Greenland
GGU163,70.0,-48.1932,1660.0,2008,2.05,5.67,"""PKM standardized cores""",,Greenland
GGU165,70.0,-48.2674,1644.0,2008,1.53,9.72,"""PKM standardized cores""",,Greenland
H1-1,70.0,-48.2403,1680.0,2008,0.705,4.89,"""PKM standardized cores""",,Greenland
H2-1,70.0,-48.344967,1555.0,2008,1.74,2.27,"""PKM standardized cores""",,Greenland
H3-1,70.0,-48.499667,1540.0,2008,1.31,6.09,"""PKM standardized cores""",,Greenland
H5-1,70.0,-48.81594,1333.0,2008,0.25,0.75,"""PKM standardized cores""",,Greenland
,69.66,-48.689,1401.0,2008,0.795,3.74,SUMUP 2024,Harper et al. (2012),Greenland
,69.674,-48.591,1497.0,2008,7.52,8.143,SUMUP 2024,Harper et al. (2012),Greenland
,69.687,-48.5,1540.0,2008,3.629,8.695,SUMUP 2024,Harper et al. (2012),Greenland
,69.725,-48.19,1660.0,2008,3.835,5.605,SUMUP 2024,Harper et al. (2012),Greenland
,69.706,-48.345,1555.0,2008,2.771,10.05,SUMUP 2024,Harper et al. (2012),Greenland
,69.72,-48.267,1644.0,2008,2.966,5.415,SUMUP 2024,Harper et al. (2012),Greenland
,69.739,-48.24,1680.0,2008,5.279,6.047,SUMUP 2024,Harper et al. (2012),Greenland
,69.738,-48.061,1710.0,2008,6.66,3.989,SUMUP 2024,Harper et al. (2012),Greenland
2009S2_Keegan,77.45,-51.06,2460.0,2009,13.82,65.28,SUMUP 2024,Baker et al. (2009),Greenland
NEEM2009S2_Baker,77.45,-51.06,,2009,18.456,,SUMUP 2024,Baker et al. (2009),Greenland
,72.55,-38.1,3209.0,2009,0.785,,SUMUP 2024,Chellman et al. (2009),Greenland
,69.644,-48.816,1333.0,2009,0.212,1.895,SUMUP 2024,Harper et al. (2012),Greenland
ACT10A,65.697,-41.481,,2010,7.288,40.096,SUMUP 2024,Miège et al. (2013),Greenland
ACT10B,65.775,-41.867,,2010,10.508,,SUMUP 2024,Miège et al. (2013),Greenland
ACT10C,66.0,-42.783,,2010,9.098,,SUMUP 2024,Miège et al. (2013),Greenland
ACT10_A,66.0,-41.4667,1825.0,2010,5.07,,"""PKM standardized cores""",,Greenland
T21_2010_Jul,70.544,-43.02,2737.0,2010,4.909,,SUMUP 2024,Morris and Wingham (2014),Greenland
T21_2010_Jun,70.544,-43.02,2737.0,2010,3.579,,SUMUP 2024,Morris and Wingham (2014),Greenland
T27_2010_Jun,70.775,-41.54,2913.0,2010,4.594,,SUMUP 2024,Morris and Wingham (2014),Greenland
T31_2010_Jun,70.909,-40.64,3008.0,2010,5.874,,SUMUP 2024,Morris and Wingham (2014),Greenland
ACT11A,66.184,-39.078,,2011,4.807,,SUMUP 2024,Miège et al. (2013),Greenland
ACT11A2,66.179,-39.02,,2011,5.403,,SUMUP 2024,Miège et al. (2013),Greenland
ACT11B,66.217,-39.566,,2011,3.209,58.646,SUMUP 2024,Miège et al. (2013),Greenland
ACT11C,66.291,-40.746,,2011,3.486,,SUMUP 2024,Miège et al. (2013),Greenland
ACT11D,66.479,-46.31,,2011,6.19,54.187,SUMUP 2024,Miège et al. (2013),Greenland
GrIT_20110424,76.477,-66.08,,2011,2.136,,SUMUP 2024,Hawley et al. (2014),Greenland
GrIT_20110424,76.443,-67.008,,2011,3.056,,SUMUP 2024,Hawley et al. (2014),Greenland
GrIT_20110424,76.405,-67.306,,2011,3.314,,SUMUP 2024,Hawley et al. (2014),Greenland
GrIT_20110430,77.265,-58.528,,2011,5.34,,SUMUP 2024,Hawley et al. (2014),Greenland
GrIT_20110508,76.5,-43.732,2803.0,2011,8.694,,SUMUP 2024,Hawley et al. (2014),Greenland
GrIT_20110512,74.422,-39.294,,2011,1.899,,SUMUP 2024,Hawley et al. (2014),Greenland
GrIT_20110528,77.371,-55.927,,2011,7.796,,SUMUP 2024,Hawley et al. (2014),Greenland
NEEM2011S1,77.45,-51.06,2460.0,2011,15.035,73.613,SUMUP 2024,Sigl et al. (2013),Greenland
SwissCamp_Swiss Camp PIT 03,69.555,-49.365,1170.0,2011,0.45,,SUMUP 2024,GEUS snow and firn data (2023),Greenland
T21_2011_Aug,70.544,-43.02,2737.0,2011,3.698,,SUMUP 2024,Morris and Wingham (2014),Greenland
T21_2011_Jul,70.544,-43.02,2737.0,2011,3.291,,SUMUP 2024,Morris and Wingham (2014),Greenland
T23_2011_Jul,70.625,-42.58,2794.0,2011,2.517,,SUMUP 2024,Morris and Wingham (2014),Greenland
T27_2011_Jul,70.775,-41.54,2913.0,2011,3.682,,SUMUP 2024,Morris and Wingham (2014),Greenland
T31_2011_Jul,70.909,-40.64,3008.0,2011,4.606,,SUMUP 2024,Morris and Wingham (2014),Greenland
EastGRIP,75.623,-35.96,2702.0,2012,18.366,65.329,SUMUP 2024,Vallelonga et al. (2014),Greenland
NG2012,75.017,-42.533,2917.0,2012,16.166,,SUMUP 2024,Freitag et al. (2021)               ,Greenland
,72.55,-38.1,3209.0,2012,0.52,,SUMUP 2024,Chellman et al. (2009),Greenland
,67.0,-47.021,1840.0,2012,3.909,6.738,SUMUP 2024,Machguth et al. (2016),Greenland
,67.0,-47.021,1840.0,2012,4.774,5.51,SUMUP 2024,Machguth et al. (2016),Greenland
,66.998,-47.021,1840.0,2012,6.666,1.853,SUMUP 2024,Machguth et al. (2016),Greenland
FA13A,66.181,-39.044,,2013,6.073,25.122,SUMUP 2024,Miège et al. (2013),Greenland
FA13B,66.181,-39.043,1563.0,2013,5.116,24.953,SUMUP 2024,Koenig et al. (2014),Greenland
,72.55,-38.1,3209.0,2013,0.502,,SUMUP 2024,Chellman et al. (2009),Greenland
,67.0,-47.023,1840.0,2013,7.064,4.101,SUMUP 2024,Machguth et al. (2016),Greenland
,66.998,-47.022,1840.0,2013,7.596,7.669,SUMUP 2024,Machguth et al. (2016),Greenland
,66.978,-46.629,1950.0,2013,7.745,10.234,SUMUP 2024,Machguth et al. (2016),Greenland
,66.982,-46.119,2060.0,2013,7.212,6.512,SUMUP 2024,Machguth et al. (2016),Greenland
,66.478,-46.285,2119.0,2013,6.345,11.951,SUMUP 2024,Machguth et al. (2016),Greenland
,66.473,-46.283,2119.0,2013,3.895,4.675,SUMUP 2024,Machguth et al. (2016),Greenland
,66.985,-45.755,2142.0,2013,8.478,5.262,SUMUP 2024,Machguth et al. (2016),Greenland
,66.983,-45.045,2266.0,2013,7.445,5.186,SUMUP 2024,Machguth et al. (2016),Greenland
,66.985,-44.394,2361.0,2013,6.145,2.815,SUMUP 2024,Machguth et al. (2016),Greenland
,73.873,-41.8,,2013,1.662,,SUMUP 2024,Polashenski et al. (2015),Greenland
,77.058,-49.6,,2013,0.623,,SUMUP 2024,Polashenski et al. (2015),Greenland
,77.042,-54.517,,2013,1.619,,SUMUP 2024,Polashenski et al. (2015),Greenland
,77.217,-61.022,,2013,1.663,,SUMUP 2024,Polashenski et al. (2015),Greenland
,78.0,-58.0,,2013,1.337,,SUMUP 2024,Polashenski et al. (2015),Greenland
FA14,66.181,-39.044,,2014,4.986,,SUMUP 2024,Miège et al. (2013),Greenland
GlacioBasis_ZAC-L,74.624,-21.374,694.0,2014,1.899,1.972,SUMUP 2024,GEUS snow and firn data (2023),Greenland
GlacioBasis_ZAC-U,74.643,-21.463,920.0,2014,1.158,1.496,SUMUP 2024,GEUS snow and firn data (2023),Greenland
,77.444,-51.069,2450.0,2015,1.762,,SUMUP 2024,Schaller et al. (2016),Greenland
,77.367,-50.11,2501.0,2015,1.746,,SUMUP 2024,Schaller et al. (2016),Greenland
,77.254,-49.231,2552.0,2015,1.698,,SUMUP 2024,Schaller et al. (2016),Greenland
,77.12,-48.171,2596.0,2015,1.717,,SUMUP 2024,Schaller et al. (2016),Greenland
,76.982,-47.138,2652.0,2015,1.477,,SUMUP 2024,Schaller et al. (2016),Greenland
,76.325,-43.061,2782.0,2015,1.503,,SUMUP 2024,Schaller et al. (2016),Greenland
,76.178,-41.16,2766.0,2015,1.123,,SUMUP 2024,Schaller et al. (2016),Greenland
,76.105,-40.299,2757.0,2015,1.199,,SUMUP 2024,Schaller et al. (2016),Greenland
,75.935,-38.469,2725.0,2015,1.47,,SUMUP 2024,Schaller et al. (2016),Greenland
,75.858,-37.697,2708.0,2015,1.419,,SUMUP 2024,Schaller et al. (2016),Greenland
,75.706,-36.544,2670.0,2015,1.605,,SUMUP 2024,Schaller et al. (2016),Greenland
,75.629,-35.986,2663.0,2015,1.174,,SUMUP 2024,Schaller et al. (2016),Greenland
,67.0,-47.025,1840.0,2015,10.928,3.295,SUMUP 2024,Machguth et al. (2016),Greenland
,65.999,-44.502,2464.0,2015,10.212,4.681,SUMUP 2024,Machguth et al. (2016),Greenland
,66.632,-46.895,1927.0,2015,1.055,,SUMUP 2024,Machguth et al. (2016),Greenland
,66.994,-44.385,2355.0,2015,9.962,,SUMUP 2024,MacFerrin et al. (2022),Greenland
,66.478,-42.496,2376.0,2015,5.472,,SUMUP 2024,MacFerrin et al. (2022),Greenland
,66.478,-42.497,2378.0,2015,1.501,,SUMUP 2024,MacFerrin et al. (2022),Greenland
,66.478,-42.496,2368.0,2015,6.355,,SUMUP 2024,MacFerrin et al. (2022),Greenland
,66.478,-42.496,2384.0,2015,8.288,9.613,SUMUP 2024,MacFerrin et al. (2022),Greenland
,65.999,-44.502,2451.0,2015,5.899,11.345,SUMUP 2024,MacFerrin et al. (2022),Greenland
,65.999,-44.502,2453.0,2015,7.395,5.418,SUMUP 2024,MacFerrin et al. (2022),Greenland
,66.478,-46.286,2126.0,2015,8.655,14.129,SUMUP 2024,MacFerrin et al. (2022),Greenland
,69.876,-47.029,1942.0,2015,3.605,4.678,SUMUP 2024,MacFerrin et al. (2022),Greenland
,69.877,-47.029,1942.0,2015,5.755,3.805,SUMUP 2024,MacFerrin et al. (2022),Greenland
,75.625,-35.979,2661.0,2015,10.555,,SUMUP 2024,MacFerrin et al. (2022),Greenland
,72.577,-38.47,3203.0,2015,12.455,,SUMUP 2024,MacFerrin et al. (2022),Greenland
,72.577,-38.469,3203.0,2015,12.355,,SUMUP 2024,MacFerrin et al. (2022),Greenland
,66.362,-39.312,1664.0,2015,5.054,22.019,SUMUP 2024,Miller et al. (2018),Greenland
,66.355,-39.179,1543.0,2015,1.643,35.612,SUMUP 2024,Miller et al. (2018),Greenland
,69.662,-52.733,,2015,6.535,15.557,SUMUP 2024,Sarah et al. (2018),Greenland
,68.892,-43.502,,2015,12.248,68.837,SUMUP 2024,Trusel et al. (2018),Greenland
2016_DYE-2 Pit 02,66.482,-46.291,2165.0,2016,0.344,,SUMUP 2024,GEUS snow and firn data (2023),Greenland
2016_DYE-2 Pit 03,66.482,-46.291,2165.0,2016,0.884,,SUMUP 2024,GEUS snow and firn data (2023),Greenland
2016_KANU Pit 04,66.991,-47.025,,2016,0.608,,SUMUP 2024,GEUS snow and firn data (2023),Greenland
EastGRIP Main Core,75.63,-36.0,2704.0,2016,18.124,62.299,SUMUP 2024,Rasmussen et al. (2023),Greenland
,67.0,-47.026,1838.0,2016,11.126,6.907,SUMUP 2024,MacFerrin et al. (2019),Greenland
,67.0,-47.026,1838.0,2016,1.581,3.384,SUMUP 2024,MacFerrin et al. (2022),Greenland
,66.985,-44.395,2314.0,2016,13.455,,SUMUP 2024,MacFerrin et al. (2022),Greenland
,66.478,-42.496,2372.0,2016,12.705,,SUMUP 2024,MacFerrin et al. (2022),Greenland
,65.999,-44.502,2453.0,2016,15.955,,SUMUP 2024,MacFerrin et al. (2022),Greenland
,72.578,-38.469,3209.0,2016,15.755,,SUMUP 2024,MacFerrin et al. (2022),Greenland
,75.626,-35.978,2664.0,2016,14.96,,SUMUP 2024,MacFerrin et al. (2022),Greenland
,69.876,-47.031,1936.0,2016,9.707,6.719,SUMUP 2024,MacFerrin et al. (2022),Greenland
,66.473,-46.283,2126.0,2016,10.261,9.161,SUMUP 2024,MacFerrin et al. (2022),Greenland
,67.049,-49.023,1215.0,2016,0.478,,SUMUP 2024,Cooper et al. (2018),Greenland
,67.048,-49.026,1215.0,2016,0.199,,SUMUP 2024,Cooper et al. (2018),Greenland
,67.048,-49.028,1215.0,2016,0.21,0.29,SUMUP 2024,Cooper et al. (2018),Greenland
,67.046,-49.033,1215.0,2016,0.594,,SUMUP 2024,Cooper et al. (2018),Greenland
,67.045,-49.035,1215.0,2016,0.379,,SUMUP 2024,Cooper et al. (2018),Greenland
,75.63,-35.98,2663.0,2016,1.718,,SUMUP 2024,Schaller et al. (2017),Greenland
,75.63,-35.98,2663.0,2016,1.634,,SUMUP 2024,Schaller et al. (2017),Greenland
,75.63,-35.98,2663.0,2016,1.712,,SUMUP 2024,Schaller et al. (2017),Greenland
,75.63,-35.98,2663.0,2016,1.713,,SUMUP 2024,Schaller et al. (2017),Greenland
,75.63,-35.98,2663.0,2016,2.095,,SUMUP 2024,Schaller et al. (2017),Greenland
,75.63,-35.98,2663.0,2016,2.163,,SUMUP 2024,Schaller et al. (2017),Greenland
,75.63,-35.98,2663.0,2016,1.788,,SUMUP 2024,Schaller et al. (2017),Greenland
,75.63,-35.98,2663.0,2016,3.002,,SUMUP 2024,Schaller et al. (2017),Greenland
,75.63,-35.98,2663.0,2016,1.635,,SUMUP 2024,Schaller et al. (2017),Greenland
,75.63,-35.98,2663.0,2016,1.914,,SUMUP 2024,Schaller et al. (2017),Greenland
,75.63,-35.98,2663.0,2016,1.674,,SUMUP 2024,Schaller et al. (2017),Greenland
,75.63,-35.98,2663.0,2016,1.942,,SUMUP 2024,Schaller et al. (2017),Greenland
,75.63,-35.98,2663.0,2016,1.668,,SUMUP 2024,Schaller et al. (2017),Greenland
,75.63,-35.98,2663.0,2016,1.931,,SUMUP 2024,Schaller et al. (2017),Greenland
,75.63,-35.98,2663.0,2016,1.902,,SUMUP 2024,Schaller et al. (2017),Greenland
,75.63,-35.98,2663.0,2016,1.785,,SUMUP 2024,Schaller et al. (2017),Greenland
,75.63,-35.98,2663.0,2016,1.622,,SUMUP 2024,Schaller et al. (2017),Greenland
,75.63,-35.98,2663.0,2016,1.696,,SUMUP 2024,Schaller et al. (2017),Greenland
,66.358,-39.239,1619.0,2016,2.857,13.356,SUMUP 2024,Miller et al. (2018),Greenland
,66.353,-39.135,1519.0,2016,2.348,26.885,SUMUP 2024,Miller et al. (2018),Greenland
,69.731,-48.133,,2016,0.975,1.905,SUMUP 2024,Otosaka et al. (2020),Greenland
,69.811,-47.51,,2016,0.618,0.756,SUMUP 2024,Otosaka et al. (2020),Greenland
,69.851,-47.253,,2016,1.397,0.768,SUMUP 2024,Otosaka et al. (2020),Greenland
,66.984,-45.753,,2016,7.739,18.733,SUMUP 2024,Graeter et al. (2018),Greenland
,67.499,-44.999,,2016,6.301,7.59,SUMUP 2024,Graeter et al. (2018),Greenland
,67.831,-45.094,,2016,6.22,5.048,SUMUP 2024,Graeter et al. (2018),Greenland
,68.419,-44.911,,2016,8.812,9.118,SUMUP 2024,Graeter et al. (2018),Greenland
,68.999,-45.0,,2016,7.736,7.507,SUMUP 2024,Graeter et al. (2018),Greenland
,69.572,-45.346,,2016,10.332,6.989,SUMUP 2024,Graeter et al. (2018),Greenland
,70.302,-44.564,,2016,9.913,,SUMUP 2024,Graeter et al. (2018),Greenland
Camp Century (Core B62),77.171,-61.078,1887.0,2017,11.262,48.667,SUMUP 2024,"Colgan et al. (2018), Colgan (2021)",Greenland
,67.0,-47.023,1840.0,2017,9.913,12.265,SUMUP 2024,MacFerrin et al. (2019),Greenland
,66.632,-46.895,1927.0,2017,7.411,10.635,SUMUP 2024,MacFerrin et al. (2019),Greenland
,66.985,-44.394,2361.0,2017,6.428,7.665,SUMUP 2024,MacFerrin et al. (2022),Greenland
,66.478,-42.496,2372.0,2017,11.448,,SUMUP 2024,MacFerrin et al. (2022),Greenland
,65.999,-44.502,2453.0,2017,5.506,,SUMUP 2024,MacFerrin et al. (2022),Greenland
,66.473,-46.283,2126.0,2017,7.24,11.86,SUMUP 2024,MacFerrin et al. (2022),Greenland
,66.473,-46.283,2126.0,2017,1.623,4.006,SUMUP 2024,MacFerrin et al. (2022),Greenland
,69.876,-47.031,1936.0,2017,7.82,5.974,SUMUP 2024,MacFerrin et al. (2022),Greenland
,75.626,-35.978,2664.0,2017,14.62,,SUMUP 2024,MacFerrin et al. (2022),Greenland
,72.578,-38.469,3209.0,2017,11.495,,SUMUP 2024,MacFerrin et al. (2022),Greenland
,69.852,-47.255,,2017,2.011,1.501,SUMUP 2024,Otosaka et al. (2020b),Greenland
,70.02,-46.306,,2017,1.813,1.761,SUMUP 2024,Otosaka et al. (2020b),Greenland
,70.176,-45.345,,2017,4.969,2.315,SUMUP 2024,Otosaka et al. (2020b),Greenland
,71.079,-37.92,,2017,2.336,,SUMUP 2024,Otosaka et al. (2020b),Greenland
,70.559,-46.731,,2017,4.405,5.36,SUMUP 2024,Lewis et al. (2019),Greenland
,71.043,-47.224,,2017,16.536,,SUMUP 2024,Lewis et al. (2019),Greenland
,71.926,-47.486,,2017,10.498,,SUMUP 2024,Lewis et al. (2019),Greenland
,72.2,-49.4,,2017,11.133,,SUMUP 2024,Lewis et al. (2019),Greenland
,72.535,-50.017,,2017,11.816,,SUMUP 2024,Lewis et al. (2019),Greenland
,73.01,-50.131,,2017,9.613,,SUMUP 2024,Lewis et al. (2019),Greenland
,73.831,-49.478,,2017,10.671,,SUMUP 2024,Lewis et al. (2019),Greenland
,73.593,-47.197,,2017,12.46,,SUMUP 2024,Lewis et al. (2019),Greenland
,72.999,-44.997,,2017,12.208,,SUMUP 2024,Lewis et al. (2019),Greenland
,66.527,-46.887,1963.0,2017,6.265,8.3,SUMUP 2024,Rennermalm et al. (2021),Greenland
,66.865,-46.265,2060.0,2017,2.926,8.215,SUMUP 2024,Rennermalm et al. (2021),Greenland
,66.865,-46.265,2060.0,2017,1.192,3.55,SUMUP 2024,Rennermalm et al. (2021),Greenland
,66.478,-46.287,2112.0,2017,10.636,7.391,SUMUP 2024,Rennermalm et al. (2021),Greenland
,66.535,-45.959,2163.0,2017,6.85,9.94,SUMUP 2024,Rennermalm et al. (2021),Greenland
,66.985,-44.395,2355.0,2017,4.175,6.591,SUMUP 2024,Rennermalm et al. (2021),Greenland
2018-CP-30m,69.877,-47.011,,2018,15.904,10.799,SUMUP 2024,Harper and Humphrey (2023),Greenland
2018-T5-30m,69.848,-47.274,,2018,12.509,8.535,SUMUP 2024,Harper and Humphrey (2023),Greenland
PROMICE_0-6_new,76.368,-68.011,810.0,2018,3.948,7.868,SUMUP 2024,GEUS snow and firn data (2023),Greenland
SwissCamp_Swiss Camp PIT 01,69.555,-49.365,1170.0,2018,0.645,,SUMUP 2024,GEUS snow and firn data (2023),Greenland
,67.0,-47.029,1840.0,2018,1.348,2.675,SUMUP 2024,Rennermalm et al. (2021),Greenland
,66.983,-45.046,2266.0,2018,8.396,12.666,SUMUP 2024,Rennermalm et al. (2021),Greenland
,66.478,-46.287,2112.0,2018,7.996,5.457,SUMUP 2024,Rennermalm et al. (2021),Greenland
,66.478,-46.287,2112.0,2018,4.035,3.004,SUMUP 2024,Rennermalm et al. (2021),Greenland
,66.478,-46.287,2112.0,2018,2.677,4.813,SUMUP 2024,Rennermalm et al. (2021),Greenland
,66.478,-46.287,2112.0,2018,4.117,4.432,SUMUP 2024,Rennermalm et al. (2021),Greenland
,66.478,-46.287,2112.0,2018,5.228,4.355,SUMUP 2024,Rennermalm et al. (2021),Greenland
2019-T2-32m,69.757,-47.88,,2019,3.778,11.516,SUMUP 2024,Harper and Humphrey (2023),Greenland
2019-T2minus-32m,69.754,-47.912,,2019,3.172,18.77,SUMUP 2024,Harper and Humphrey (2023),Greenland
2019-T3-32m,69.782,-47.668,,2019,5.791,9.132,SUMUP 2024,Harper and Humphrey (2023),Greenland
2019-T4-32m,69.82,-47.45,,2019,7.713,13.48,SUMUP 2024,Harper and Humphrey (2023),Greenland
DYE-2,66.481,-46.28,2100.0,2019,14.96,20.967,SUMUP 2024,GEUS snow and firn data (2023),Greenland
,66.478,-46.289,2113.0,2019,6.787,6.936,SUMUP 2024,Rennermalm et al. (2021),Greenland
,67.0,-47.03,1825.0,2019,0.633,3.67,SUMUP 2024,Rennermalm et al. (2021),Greenland
,66.978,-46.628,1955.0,2019,2.055,3.665,SUMUP 2024,Rennermalm et al. (2021),Greenland
,66.983,-46.12,2056.0,2019,8.825,15.364,SUMUP 2024,Rennermalm et al. (2021),Greenland
,66.985,-45.754,2128.0,2019,6.892,5.686,SUMUP 2024,Rennermalm et al. (2021),Greenland
,66.984,-45.754,2135.0,2019,4.405,6.454,SUMUP 2024,Rennermalm et al. (2021),Greenland
,66.527,-46.947,1959.0,2019,4.045,12.458,SUMUP 2024,Rennermalm et al. (2021),Greenland
,66.547,-47.024,1905.0,2019,0.932,8.191,SUMUP 2024,Rennermalm et al. (2021),Greenland
,66.554,-47.067,1900.0,2019,8.048,5.632,SUMUP 2024,Rennermalm et al. (2021),Greenland
,66.547,-47.024,1898.0,2019,6.33,4.327,SUMUP 2024,Rennermalm et al. (2021),Greenland
,66.56,-47.106,1895.0,2019,0.914,3.222,SUMUP 2024,Rennermalm et al. (2021),Greenland
CP1_CP1 (Core 1),69.878,-46.997,2022.0,2021,0.638,1.038,SUMUP 2024,GEUS snow and firn data (2023),Greenland
FS2_12m,66.986,-47.238,1765.0,2021,6.193,6.15,SUMUP 2024,Clerx et al. (2022),Greenland
FS4_20m,67.011,-46.817,1894.0,2021,9.63,5.48,SUMUP 2024,Clerx et al. (2022),Greenland
FS4_5m,67.011,-46.817,1894.0,2021,3.14,4.123,SUMUP 2024,Clerx et al. (2022),Greenland
FS5_20m,67.01,-46.465,1977.0,2021,8.019,11.193,SUMUP 2024,Clerx et al. (2022),Greenland
FS5_5m,67.01,-46.465,1976.0,2021,4.708,4.749,SUMUP 2024,Clerx et al. (2022),Greenland
NSE_NSE (Core 1),66.498,-49.682,2360.0,2021,0.967,,SUMUP 2024,GEUS snow and firn data (2023),Greenland
NSE_NSE (Core 2),66.498,-49.682,2360.0,2021,1.085,,SUMUP 2024,GEUS snow and firn data (2023),Greenland
SDM_SDM (Core 1),63.149,-44.817,2896.0,2021,0.974,,SUMUP 2024,GEUS snow and firn data (2023),Greenland
SE-Dome II (X-ray),67.19,-36.47,3160.0,2021,11.12,87.454,SUMUP 2024,Kawakami et al. (2023),Greenland
SE-Dome II (bulk),67.19,-36.47,3160.0,2021,10.217,160.208,SUMUP 2024,Kawakami et al. (2023),Greenland
2022-T3-15m,69.781,-47.677,,2022,10.022,7.034,SUMUP 2024,Harper and Humphrey (2022),Greenland
2022-T3-25m,69.78,-47.677,,2022,2.681,8.425,SUMUP 2024,Harper and Humphrey (2022),Greenland
2022-T3-6m,69.783,-47.668,,2022,3.738,3.501,SUMUP 2024,Harper and Humphrey (2022),Greenland
2022-T3-7m,69.781,-47.677,,2022,6.291,5.203,SUMUP 2024,Harper and Humphrey (2022),Greenland
2022-T4-25m,69.82,-47.451,,2022,6.671,16.273,SUMUP 2024,Harper and Humphrey (2022),Greenland
GC-Net_CEN2 (Therm Core),77.182,-61.115,1891.0,2022,2.01,,SUMUP 2024,GEUS snow and firn data (2023),Greenland
GC-Net_CP1 (Mast Core),69.872,-47.038,1932.0,2022,1.233,,SUMUP 2024,GEUS snow and firn data (2023),Greenland
GC-Net_CP1 (Therm Core),69.872,-47.038,1932.0,2022,4.391,6.42,SUMUP 2024,GEUS snow and firn data (2023),Greenland
GC-Net_DYE-2 (Therm Core),66.482,-46.291,2165.0,2022,4.871,8.54,SUMUP 2024,GEUS snow and firn data (2023),Greenland
GC-Net_NASA-E (Therm Core),75.002,-29.98,2629.0,2022,9.279,,SUMUP 2024,GEUS snow and firn data (2023),Greenland
GC-Net_Tunu-N (Therm Core),78.019,-33.963,2079.0,2022,5.419,,SUMUP 2024,GEUS snow and firn data (2023),Greenland
Nanok_PIT 01,65.536,-38.967,750.0,2022,0.17,,SUMUP 2024,GEUS snow and firn data (2023),Greenland
Nanok_PIT 08,66.324,-45.742,2238.0,2022,0.369,,SUMUP 2024,GEUS snow and firn data (2023),Greenland
2023-CP-11m,69.875,-47.007,,2023,5.012,,SUMUP 2024,Harper and Humphrey (2023),Greenland
2023-CP-25m,69.876,-47.006,,2023,14.074,3.525,SUMUP 2024,Harper and Humphrey (2023),Greenland
2023-T4-10m,69.82,-47.453,,2023,7.069,4.984,SUMUP 2024,Harper and Humphrey (2023),Greenland
2023-T5-25m,69.848,-47.274,,2023,6.987,10.781,SUMUP 2024,Harper and Humphrey (2023),Greenland
GC-Net_CP1_2023_core,69.872,-47.038,1932.0,2023,6.326,,SUMUP 2024,GEUS snow and firn data (2023),Greenland
GC-Net_DY2_2023_core,66.482,-46.291,2165.0,2023,9.125,7.915,SUMUP 2024,GEUS snow and firn data (2023),Greenland
GC-Net_KAN_U_2023_core,67.001,-47.034,1838.0,2023,6.463,5.89,SUMUP 2024,GEUS snow and firn data (2023),Greenland
GC-Net_NAE_2023_core,75.002,-29.98,2628.0,2023,9.053,,SUMUP 2024,GEUS snow and firn data (2023),Greenland
GC-Net_NAU_2023_core,73.841,-49.534,2339.0,2023,8.35,,SUMUP 2024,GEUS snow and firn data (2023),Greenland
GC-Net_NSE_2023_core,66.478,-42.493,2389.0,2023,6.872,,SUMUP 2024,GEUS snow and firn data (2023),Greenland
GC-Net_SDL_2023_core,66.0,-44.503,2473.0,2023,7.403,,SUMUP 2024,GEUS snow and firn data (2023),Greenland
GC-Net_SDM_2023_core,63.149,-44.817,2896.0,2023,8.745,,SUMUP 2024,GEUS snow and firn data (2023),Greenland
GC-Net_TUN_2023_core,78.019,-33.963,2079.0,2023,9.084,,SUMUP 2024,GEUS snow and firn data (2023),Greenland
,69.939,-46.565,,2023,12.585,14.542,SUMUP 2024,Harper and Humphrey (2023),Greenland
GC-Net_CEN_core,77.182,-61.116,1893.0,2024,9.444,,SUMUP 2024,GEUS snow and firn data (2023),Greenland
GC-Net_CEN_snowpit,77.182,-61.116,1893.0,2024,1.404,,SUMUP 2024,GEUS snow and firn data (2023),Greenland
GC-Net_CP1_core,69.871,-47.043,1948.0,2024,8.271,,SUMUP 2024,GEUS snow and firn data (2023),Greenland
GC-Net_CP1_snowpit,69.871,-47.043,1948.0,2024,1.3,,SUMUP 2024,GEUS snow and firn data (2023),Greenland
GC-Net_DY2_S1_core,66.483,-46.294,,2024,6.515,,SUMUP 2024,GEUS snow and firn data (2023),Greenland
GC-Net_DY2_S2_core,66.483,-46.294,,2024,3.128,8.998,SUMUP 2024,GEUS snow and firn data (2023),Greenland
GC-Net_EGP_snowpit_2,75.628,-35.968,2669.0,2024,0.27,,SUMUP 2024,GEUS snow and firn data (2023),Greenland
GC-Net_HUM_core,78.529,-56.845,1969.0,2024,9.321,,SUMUP 2024,GEUS snow and firn data (2023),Greenland
GC-Net_KAN_U_snowpit,67.001,-47.035,1840.0,2024,0.674,,SUMUP 2024,GEUS snow and firn data (2023),Greenland
GC-Net_NEM_core,77.441,-51.084,2454.0,2024,9.499,,SUMUP 2024,GEUS snow and firn data (2023),Greenland
GC-Net_NSE_S1_core,66.478,-42.493,,2024,7.797,,SUMUP 2024,GEUS snow and firn data (2023),Greenland
GC-Net_SDL_S1_core,66.0,-44.502,,2024,12.371,,SUMUP 2024,GEUS snow and firn data (2023),Greenland
GC-Net_SDM_S2_core,63.149,-44.817,2895.0,2024,9.756,,SUMUP 2024,GEUS snow and firn data (2023),Greenland
