core_name,latitude,longitude,elevation,year,depth_to_550,depth_to_830,r2_550,r2_830,failed_fit_550,failed_fit_830,source,citation,region,FDM_point_index,FDM_latitude,FDM_longitude,FDM_rlat,FDM_rlon,FDM_depth_to_550,FDM_depth_to_830,Fit_R2,Fit_model,Fit_failed,avac
T15 1959,70.303,-44.57,2491.0,1959,10.97,,0.89,,0,1,SUMUP 2024,Renaud et al. (1959),greenland,19474,70.2581,-44.6186,256,153,12.63,74.25,0.996,Power law,0.0,
T31_1959,70.909,-40.64,3008.0,1959,11.9,,0.98,,0,1,SUMUP 2024,Renaud et al. (1959),greenland,21141,70.8721,-40.7053,266,180,15.45,78.1,0.996,Power law,0.0,
T43_1959,71.117,-37.317,3174.0,1959,12.69,,0.95,,0,1,SUMUP 2024,Renaud et al. (1959),greenland,21779,71.0999,-37.3457,270,202,16.25,75.89,0.994,Power law,0.0,
T53_1959,71.35,-33.483,2867.0,1959,12.54,,0.96,,0,1,SUMUP 2024,Renaud et al. (1959),greenland,22573,71.3062,-33.4412,275,227,15.48,74.03,0.994,Power law,0.0,
T61_1959,72.233,-32.333,2750.0,1959,12.86,,0.94,,0,1,SUMUP 2024,Renaud et al. (1959),greenland,25649,72.2844,-32.4002,295,232,15.73,73.53,0.993,Power law,0.0,
Camp Century,77.183,-61.167,1886.0,1963,12.73,74.41,1.0,0.98,0,0,SUMUP 2024,Kovacs et al. (1969) as in Spencer et al. (2001),greenland,45755,77.1745,-61.2036,412,98,11.51,64.82,0.993,Power law,0.0,
Site 2,76.983,-56.067,2000.0,1965,12.14,74.19,1.0,0.97,0,0,SUMUP 2024,Langway (1967) as in Spencer et al. (2001),greenland,43331,76.9543,-56.1066,400,118,13.78,75.89,0.995,Logarithmic,0.0,
Carrefour 1967,69.824,-47.432,1850.0,1967,7.18,,0.99,,0,1,SUMUP 2024,Ambach 1970,greenland,18402,69.8203,-47.3939,250,133,6.7,59.31,0.983,Logarithmic,0.0,
Dye3-11B-1984,65.183,-43.833,2479.0,1983,12.72,,0.98,,0,1,SUMUP 2024,"Clausen H.B., pers. comm. as in Spencer et al. (2001)",greenland,5513,65.2116,-43.7884,155,148,11.09,72.68,0.996,Power law,0.0,
Dye3-15B-1984,65.183,-43.833,2479.0,1983,13.51,,0.96,,0,1,SUMUP 2024,"Clausen H.B., pers. comm. as in Spencer et al. (2001)",greenland,5513,65.2116,-43.7884,155,148,11.09,72.68,0.996,Power law,0.0,
Dye3-16C-1984,65.183,-43.833,2479.0,1983,12.98,,0.96,,0,1,SUMUP 2024,"Clausen H.B., pers. comm. as in Spencer et al. (2001)",greenland,5513,65.2116,-43.7884,155,148,11.09,72.68,0.996,Power law,0.0,
Dye3-4B-1983,65.183,-43.833,2479.0,1983,11.67,78.89,0.97,0.98,0,0,SUMUP 2024,"Clausen H.B., pers. comm. as in Spencer et al. (2001)",greenland,5513,65.2116,-43.7884,155,148,11.09,72.68,0.996,Power law,0.0,
Dye3-5B-1984,65.183,-43.833,2479.0,1983,11.64,,0.93,,0,1,SUMUP 2024,"Clausen H.B., pers. comm. as in Spencer et al. (2001)",greenland,5513,65.2116,-43.7884,155,148,11.09,72.68,0.996,Power law,0.0,
Dye3-9B-1984,65.183,-43.833,2479.0,1983,11.43,,0.97,,0,1,SUMUP 2024,"Clausen H.B., pers. comm. as in Spencer et al. (2001)",greenland,5513,65.2116,-43.7884,155,148,11.09,72.68,0.996,Power law,0.0,
Dye3-station1-1983,65.183,-43.833,2479.0,1983,12.01,,0.97,,0,1,SUMUP 2024,"Clausen H.B., pers. comm. as in Spencer et al. (2001)",greenland,5513,65.2116,-43.7884,155,148,11.09,72.68,0.996,Power law,0.0,
,65.1,-44.87,2625.0,1984,9.15,70.22,0.7,0.82,1,1,SUMUP 2024,Mayewski et al. (2016d),greenland,5419,65.1112,-44.832,154,139,11.0,67.94,0.993,Logarithmic,0.0,
Site 13,72.886,-38.843,3209.0,1987,14.36,,0.89,,0,1,SUMUP 2024,van der Veen et al. (2001),greenland,27447,72.8955,-38.86,306,193,16.73,74.08,0.993,Power law,0.0,
Site 15,72.981,-36.296,3229.0,1987,14.74,,0.93,,0,1,SUMUP 2024,van der Veen et al. (2001),greenland,27779,72.9965,-36.3032,308,208,17.01,72.69,0.993,Power law,0.0,
Site 31,72.349,-39.786,3151.0,1987,14.71,,0.91,,0,1,SUMUP 2024,van der Veen et al. (2001),greenland,25604,72.3366,-39.8075,295,187,16.77,77.61,0.994,Power law,0.0,
Site 51,71.927,-38.165,3150.0,1987,14.54,,0.93,,0,1,SUMUP 2024,van der Veen et al. (2001),greenland,24378,71.9489,-38.1455,287,197,16.96,76.97,0.994,Power law,0.0,
Site 571,72.212,-34.332,3149.0,1987,13.81,,0.93,,0,1,SUMUP 2024,van der Veen et al. (2001),greenland,25325,72.2254,-34.3867,293,220,17.3,76.65,0.993,Power law,0.0,
Site 73,71.602,-37.864,3218.0,1987,14.86,,0.87,,0,1,SUMUP 2024,van der Veen et al. (2001),greenland,23323,71.5997,-37.8168,280,199,16.78,76.37,0.993,Power law,0.0,
Site A,70.75,-35.958,3145.0,1987,15.13,83.16,1.0,0.98,0,0,SUMUP 2024, Alley (1987) as in Spencer et al. (2001),greenland,20727,70.7437,-35.9841,263,211,16.49,76.03,0.993,Power law,0.0,
Summit,72.294,-36.078,3263.0,1987,14.8,,0.91,,0,1,SUMUP 2024,van der Veen et al. (2001),greenland,25315,72.2445,-36.0242,293,210,17.34,75.99,0.993,Power law,0.0,
,71.927,-39.835,3112.0,1987,14.54,,0.93,,0,1,SUMUP 2024,"Bolzan and Strobel (1999a,b,c,d,e,f,g,h,i,j,k,l,m,n,o)",greenland,24518,71.9868,-39.7642,288,187,16.71,78.12,0.994,Power law,0.0,
,71.602,-38.141,3168.0,1987,14.86,,0.87,,0,1,SUMUP 2024,"Bolzan and Strobel (1999a,b,c,d,e,f,g,h,i,j,k,l,m,n,o)",greenland,23321,71.5989,-38.1336,280,197,16.7,76.77,0.994,Power law,0.0,
,72.294,-37.921,3215.0,1987,7.71,,0.91,,0,1,SUMUP 2024,"Bolzan and Strobel (2001a,b)",greenland,25303,72.2494,-37.992,293,198,17.16,76.92,0.994,Power law,0.0,
,72.212,-35.667,3087.0,1987,13.81,,0.93,,0,1,SUMUP 2024,"Bolzan and Strobel (2001a,b)",greenland,25317,72.2418,-35.6965,293,212,17.41,76.03,0.993,Power law,0.0,
,72.349,-40.214,3115.0,1987,14.71,,0.91,,0,1,SUMUP 2024,"Bolzan and Strobel (1999a,b,c,d,e,f,g,h,i,j,k,l,m,n,o)",greenland,25764,72.3824,-40.144,296,185,16.72,77.48,0.994,Power law,0.0,
,72.886,-39.157,3167.0,1987,14.36,,0.89,,0,1,SUMUP 2024,"Bolzan and Strobel (1999a,b,c,d,e,f,g,h,i,j,k,l,m,n,o)",greenland,27445,72.8929,-39.1998,306,191,16.74,74.52,0.993,Power law,0.0,
,77.981,-37.704,3188.0,1987,14.74,,0.93,,0,1,SUMUP 2024,"Bolzan and Strobel (1999a,b,c,d,e,f,g,h,i,j,k,l,m,n,o)",greenland,44822,77.9499,-37.7382,407,200,15.08,66.42,0.99,Power law,0.0,
"Site A, (Crete)",70.635,-35.82,3092.0,1988,15.34,81.98,0.99,0.98,0,0,SUMUP 2024,Clausen et al. (1988) as in Spencer et al. (2001),greenland,20403,70.6424,-35.8409,261,212,16.3,76.19,0.993,Power law,0.0,
Site B,70.659,-35.479,3138.0,1988,16.1,81.31,0.97,0.97,0,0,SUMUP 2024,Clausen et al. (1988) as in Spencer et al. (2001),greenland,20577,70.6894,-35.5346,262,214,16.31,75.95,0.993,Power law,0.0,
Site C,70.677,-35.787,3072.0,1988,15.33,,0.99,,0,1,SUMUP 2024,Clausen et al. (1988) as in Spencer et al. (2001),greenland,20575,70.6924,-35.8368,262,212,16.37,76.0,0.993,Power law,0.0,
Site D,70.64,-35.618,3018.0,1988,14.93,79.95,0.99,0.98,0,0,SUMUP 2024,Clausen et al. (1988) as in Spencer et al. (2001),greenland,20576,70.691,-35.6857,262,213,16.36,75.96,0.993,Power law,0.0,
Site E,71.759,-35.851,3087.0,1988,15.63,73.81,0.98,0.96,0,0,SUMUP 2024,Clausen et al. (1988) as in Spencer et al. (2001),greenland,23953,71.7934,-35.8995,284,211,17.11,75.85,0.993,Power law,0.0,
Site F,71.492,-35.881,3092.0,1988,16.4,,0.97,,0,1,SUMUP 2024,Clausen et al. (1988) as in Spencer et al. (2001),greenland,23016,71.4935,-35.9246,278,211,16.93,75.35,0.993,Power law,0.0,
Site G,71.155,-35.838,3098.0,1988,16.19,,0.97,,0,1,SUMUP 2024,Clausen et al. (1988) as in Spencer et al. (2001),greenland,21949,71.1422,-35.7983,271,212,16.73,75.26,0.993,Power law,0.0,
Site H,70.865,-35.838,3102.0,1988,15.57,,0.98,,0,1,SUMUP 2024,Clausen et al. (1988) as in Spencer et al. (2001),greenland,21024,70.8423,-35.8242,265,212,16.51,75.72,0.993,Power law,0.0,
Site J,66.87,-46.26,2030.0,1989,5.8,65.73,0.65,0.89,1,0,SUMUP 2024,Kameda et al. (1995),greenland,9377,66.8484,-46.2718,190,132,6.73,63.8,0.973,Power law,0.0,
GRIP,72.567,-37.617,3230.0,1990,16.71,79.34,1.0,0.96,0,0,SUMUP 2024," Johnsen, S. pers. comm. as in Spencer et al. (2001)",greenland,26284,72.5499,-37.6667,299,200,17.07,75.1,0.993,Power law,0.0,
ngt03C93.2_B16,73.94,-37.63,3040.0,1993,15.18,68.05,0.91,0.98,0,0,SUMUP 2024,"Wilhelms et al. (2000a,b,c,d)",greenland,30599,73.8999,-37.6802,326,200,16.52,70.48,0.992,Power law,0.0,
ngt06C93.2_B17,75.25,-37.625,2820.0,1993,17.25,71.09,0.88,0.98,0,0,SUMUP 2024,"Wilhelms et al. (2000a,b,c,d)",greenland,35013,75.1999,-37.6954,352,200,16.6,69.61,0.991,Power law,0.0,
ngt19C.0_B19,78.0,-36.23,2234.0,1994,16.09,66.46,0.92,0.99,0,0,SUMUP 2024,NGT: Wilhelms (1996),greenland,45245,78.0475,-36.2995,409,206,14.57,65.16,0.989,Power law,0.0,
ngt27C94.2_B21,80.0,-41.137,2185.0,1994,17.48,67.07,0.86,0.97,0,0,SUMUP 2024,"Wilhelms et al. (2000a,b,c,d)",greenland,52817,79.98,-41.202,448,188,15.01,66.28,0.99,Power law,0.0,
Humboldt-E,78.598,-55.699,2045.0,1995,15.67,,0.98,,0,1,SUMUP 2024,Mosley-Thompson et al. (2001),greenland,49617,78.6597,-55.7047,432,130,14.49,66.69,0.989,Power law,0.0,
Humboldt-M,78.527,-56.83,1995.0,1995,16.23,66.74,-2.47,0.83,0,0,PKM standardized cores,,Greenland,49426,78.5357,-56.8203,431,125,13.96,66.05,0.989,Power law,0.0,
Humboldt-M2,78.527,-56.83,1995.0,1995,15.35,,0.94,,0,1,SUMUP 2024,Mosley-Thompson et al. (2001),greenland,49426,78.5357,-56.8203,431,125,13.96,66.05,0.989,Power law,0.0,
Humboldt-N,78.751,-56.83,1905.0,1995,18.03,,0.95,,0,1,SUMUP 2024,Mosley-Thompson et al. (2001),greenland,50004,78.6937,-56.823,434,126,13.79,65.69,0.988,Power law,0.0,
Humboldt-S,78.315,-56.826,2058.0,1995,15.83,,0.98,,0,1,SUMUP 2024,Mosley-Thompson et al. (2001),greenland,48872,78.3777,-56.8178,428,124,14.35,66.33,0.989,Power law,0.0,
Humboldt-W,78.452,-57.958,1924.0,1995,15.9,,0.97,,0,1,SUMUP 2024,Mosley-Thompson et al. (2001),greenland,49421,78.4547,-57.9959,431,120,13.84,65.31,0.987,Power law,0.0,
NASA-U-1,73.842,-49.498,2369.0,1995,14.25,79.97,0.64,0.93,0,0,PKM standardized cores,Zoek in Kuipers Munneke et al. (2015),Greenland,31503,73.8717,-49.4507,332,135,12.9,70.04,0.995,Power law,0.0,
NASA-U-2,73.842,-49.498,2369.0,1995,14.48,,0.99,,0,1,PKM standardized cores,checked against denstiy data for PARCA cores 2013,Greenland,31503,73.8717,-49.4507,332,135,12.9,70.04,0.995,Power law,0.0,
NASA-U-3,73.842,-49.498,2369.0,1995,13.35,,0.98,,0,1,PKM standardized cores,checked against denstiy data for PARCA cores 2013,Greenland,31503,73.8717,-49.4507,332,135,12.9,70.04,0.995,Power law,0.0,
NASA-U_Henderson,73.842,-49.498,2369.0,1995,14.23,79.88,0.98,0.98,0,0,SUMUP 2024,Mosley-Thompson et al. (2001),greenland,31503,73.8717,-49.4507,332,135,12.9,70.04,0.995,Power law,0.0,
ngt37C95.2_B26,77.253,-49.217,2598.0,1995,16.86,76.06,0.86,0.98,0,0,SUMUP 2024,"Miller and Schwager (2000a,b)",greenland,42814,77.1955,-49.2569,397,149,16.43,72.75,0.994,Power law,0.0,
ngt42C95.2_B29,76.004,-43.492,2874.0,1995,17.25,74.9,0.9,0.98,0,0,SUMUP 2024,"Miller and Schwager (2000a,b)",greenland,38176,76.0277,-43.5003,370,172,16.73,70.68,0.992,Power law,0.0,
GITS-Core1,77.0,-61.095,,1996,13.82,,0.98,,0,1,PKM standardized cores,,Greenland,44929,76.9707,-61.0661,408,97,13.68,72.0,0.994,Power law,0.0,
GITS-Core2,77.0,-61.095,,1996,13.93,84.58,0.79,0.95,0,0,PKM standardized cores,,Greenland,44929,76.9707,-61.0661,408,97,13.68,72.0,0.994,Power law,0.0,
Tunu-1,78.017,-33.994,2113.0,1996,14.05,,0.98,,0,1,SUMUP 2024,Mosley-Thompson et al. (2001),greenland,45048,77.9777,-33.9168,408,216,13.72,64.59,0.987,Power law,0.0,
Tunu-N25,78.33,-33.888,2050.0,1996,14.01,,0.91,,0,1,SUMUP 2024,Mosley-Thompson et al. (2001),greenland,46277,78.2771,-33.8285,414,216,13.32,64.08,0.987,Power law,0.0,
Tunu-N_main,78.017,-33.994,2113.0,1996,14.18,61.09,0.96,0.98,0,0,SUMUP 2024,Mosley-Thompson et al. (2001),greenland,45048,77.9777,-33.9168,408,216,13.72,64.59,0.987,Power law,0.0,
Tunu_1,78.017,-33.994,2650.0,1996,13.61,60.5,0.67,0.97,0,0,PKM standardized cores,,Greenland,45048,77.9777,-33.9168,408,216,13.72,64.59,0.987,Power law,0.0,
7147,71.05,-47.23,,1997,10.86,,0.94,,0,1,PKM standardized cores,,Greenland,22328,71.0449,-47.2387,274,138,12.27,73.19,0.995,Power law,0.0,
7247,72.0,-47.487,,1997,12.14,,0.98,,0,1,PKM standardized cores,,Greenland,25401,72.0479,-47.4404,294,140,13.87,76.73,0.996,Power law,0.0,
7551,75.0,-51.0,,1997,13.28,,0.96,,0,1,PKM standardized cores,,Greenland,35840,75.0627,-50.976,357,132,14.17,73.49,0.995,Power law,0.0,
7653-1,76.0,-53.0,,1997,13.22,,0.99,,0,1,PKM standardized cores,,Greenland,39535,76.0232,-52.9477,378,127,14.77,75.1,0.995,Power law,0.0,
NASA_E_1,75.0,-30.0,,1997,13.84,,0.97,,0,1,PKM standardized cores,,Greenland,34693,74.9779,-29.9674,350,240,15.3,68.67,0.992,Power law,0.0,
North_Dye_3,66.0,-44.501,,1997,9.65,,0.91,,0,1,PKM standardized cores,,Greenland,6995,65.9847,-44.4807,171,144,11.48,69.99,0.993,Power law,0.0,
PARCA_NASAEASTA_1997,75.0,-30.0,2631.0,1997,14.14,,0.97,,0,1,SUMUP 2024,Mosley-Thompson et al. (2001),greenland,34693,74.9779,-29.9674,350,240,15.3,68.67,0.992,Power law,0.0,
PARCA_NDYE3A&B_1997,66.0,-44.501,2640.0,1997,10.64,,0.88,,0,1,SUMUP 2024,Mosley-Thompson et al. (2001),greenland,6995,65.9847,-44.4807,171,144,11.48,69.99,0.993,Power law,0.0,
PARCA_SDOMEA_1997,63.149,-44.817,2850.0,1997,11.41,,0.96,,0,1,SUMUP 2024,Mosley-Thompson et al. (2001),greenland,2406,63.1455,-44.8476,115,134,12.39,70.14,0.993,Power law,0.0,
PARCA_STUNUA_1997,69.5,-34.5,2650.0,1997,12.12,,0.95,,0,1,SUMUP 2024,Mosley-Thompson et al. (2001),greenland,16573,69.5239,-34.5,239,222,14.04,76.67,0.995,Power law,0.0,
South_Dome_1,63.0,-44.187,,1997,13.11,,0.99,,0,1,PKM standardized cores,,Greenland,2198,63.0313,-44.1581,112,140,12.76,87.72,0.995,Logarithmic,0.0,
Tunu_S_1,69.5,-34.5,,1997,12.76,,0.96,,0,1,PKM standardized cores,,Greenland,16573,69.5239,-34.5,239,222,14.04,76.67,0.995,Power law,0.0,
Tunu_S_2,69.5,-34.5,,1997,12.76,,0.96,,0,1,PKM standardized cores,added by EHC using S_1 values check validity,Greenland,16573,69.5239,-34.5,239,222,14.04,76.67,0.995,Power law,0.0,
6345,63.8,-45.0,,1998,11.57,,0.98,,0,1,PKM standardized cores,,Greenland,3352,63.7904,-45.0286,128,134,10.94,67.7,0.992,Power law,0.0,
6348,63.8,-45.0,,1998,6.21,,0.53,,0,1,PKM standardized cores,,Greenland,3352,63.7904,-45.0286,128,134,10.94,67.7,0.992,Power law,0.0,
6642-2,66.5,-42.5,,1998,9.69,,0.96,,0,1,PKM standardized cores,,Greenland,8082,66.5169,-42.5022,180,161,12.46,77.79,0.996,Power law,0.0,
6745,67.5,-45.0,,1998,10.51,,0.82,,0,1,PKM standardized cores,,Greenland,10926,67.5235,-44.9517,202,144,9.64,66.8,0.989,Power law,0.0,
6943,69.2,-43.0,,1998,11.96,,0.99,,0,1,PKM standardized cores,,Greenland,15656,69.211,-42.9953,234,162,13.19,74.34,0.995,Power law,0.0,
6945-1,69.0,-45.0,,1998,10.92,,0.9,,0,1,PKM standardized cores,,Greenland,15126,68.9809,-45.0372,231,147,10.74,69.38,0.992,Power law,0.0,
7249,72.2,-49.4,,1998,11.64,,0.8,,0,1,PKM standardized cores,,Greenland,26383,72.244,-49.3812,300,129,13.21,81.4,0.996,Logarithmic,0.0,
7345,73.0,-45.0,,1998,13.07,,0.92,,0,1,PKM standardized cores,,Greenland,28038,72.9624,-45.027,310,157,15.56,74.35,0.994,Power law,0.0,
Dye 2 (Raven) Core A,66.478,-46.285,2119.0,1998,8.03,66.82,0.7,0.95,1,0,SUMUP 2024,Mosley-Thompson et al. (2001),greenland,8455,66.4949,-46.2676,183,131,6.97,63.21,0.975,Power law,0.0,
NGRIP_1999,75.1,-42.32,2917.0,1999,17.69,,0.98,,0,1,SUMUP 2024,Vallelonga et al. (2014),greenland,34809,75.0996,-42.3593,351,176,16.68,71.97,0.992,Power law,0.0,
Basin1,71.8,-42.4419,,2003,14.1,,0.99,,0,1,PKM standardized cores,,Greenland,24058,71.7861,-42.4646,285,170,15.76,78.79,0.996,Power law,0.0,
Basin2,68.0,-44.8278,,2003,9.99,,0.85,,0,1,PKM standardized cores,,Greenland,12107,67.9824,-44.8361,211,146,9.74,67.37,0.99,Power law,0.0,
Basin4,62.0,-46.34,,2003,6.16,,0.72,,0,1,PKM standardized cores,,Greenland,1098,61.9913,-46.343,94,117,5.73,57.54,0.962,Logarithmic,0.0,
Basin5,63.93,-46.3539,,2003,8.45,,0.89,,0,1,PKM standardized cores,,Greenland,3765,63.9637,-46.332,133,123,9.72,69.0,0.991,Power law,0.0,
Basin6,67.0,-41.7489,,2003,11.14,,0.98,,0,1,PKM standardized cores,,Greenland,9288,66.9923,-41.709,189,168,13.11,77.73,0.995,Power law,0.0,
Basin7,67.52,-40.4061,,2003,10.8,,0.99,,0,1,PKM standardized cores,,Greenland,10569,67.5238,-40.3697,199,179,13.19,77.86,0.996,Power law,0.0,
Basin8,70.0,-36.4,,2003,13.34,,1.0,,0,1,PKM standardized cores,,Greenland,17954,69.9461,-36.3342,247,209,16.21,78.29,0.996,Power law,0.0,
Basin9,65.01,-44.87,,2003,12.74,,0.94,,0,1,PKM standardized cores,,Greenland,5255,65.0058,-44.9197,152,138,10.65,67.67,0.992,Power law,0.0,
D1,64.5,-43.5,2580.0,2003,8.92,76.22,0.46,0.98,0,0,PKM standardized cores,,Greenland,4425,64.5204,-43.5031,141,149,12.39,76.94,0.995,Power law,0.0,
D2,71.8,-46.2,2534.0,2003,12.57,81.28,0.87,0.99,0,0,PKM standardized cores,,Greenland,24478,71.8053,-46.1769,288,147,14.33,77.13,0.996,Power law,0.0,
D3,69.8,-44.0,2433.0,2003,11.8,75.97,-0.31,0.95,0,0,PKM standardized cores,,Greenland,17727,69.7782,-44.0174,246,156,13.25,76.25,0.996,Power law,0.0,
D4,71.4167,-44.0333,2999.0,2003,12.49,78.88,0.96,0.93,0,0,PKM standardized cores,,Greenland,22964,71.385,-44.0916,278,159,14.83,78.05,0.996,Power law,0.0,
D5,68.5,-42.9,2715.0,2003,11.95,72.67,-0.68,0.88,0,0,PKM standardized cores,,Greenland,13218,68.4596,-42.9445,219,161,12.7,72.09,0.995,Power law,0.0,
Das1,66.0056,-43.9878,,2003,11.83,69.85,-0.73,0.99,0,0,PKM standardized cores,,Greenland,6999,66.007,-43.9947,171,148,12.24,71.96,0.995,Power law,0.0,
Das2,67.5272,-36.0614,,2003,12.78,82.91,0.42,0.98,0,0,PKM standardized cores,,Greenland,10602,67.5434,-36.0644,199,212,15.35,78.1,0.996,Power law,0.0,
Sandy,72.55,-38.3167,3281.0,2003,14.16,74.23,0.98,0.96,0,0,PKM standardized cores,,Greenland,26280,72.5483,-38.3336,299,196,17.36,76.31,0.994,Power law,0.0,
ACT_1,66.0,-46.5511,,2004,7.77,,0.84,,0,1,PKM standardized cores,,Greenland,7199,65.9709,-46.5723,173,127,6.42,63.02,0.975,Power law,0.0,
ACT_2,66.0119,-45.1581,2419.0,2004,13.06,70.04,0.46,0.96,0,0,PKM standardized cores,,Greenland,7211,66.0538,-45.118,173,139,10.39,69.29,0.991,Power law,0.0,
ACT_3,66.0,-43.6069,,2004,11.63,88.52,0.96,0.93,0,0,PKM standardized cores,,Greenland,7002,66.0227,-43.6297,171,151,12.38,74.92,0.994,Power law,0.0,
T12_2004_Apr,70.176,-45.34,2348.0,2004,9.96,,0.92,,0,1,SUMUP 2024,Morris and Wingham (2014),greenland,19297,70.1775,-45.333,255,148,12.69,74.65,0.996,Power law,0.0,
T15_2004_Apr,70.303,-44.57,2491.0,2004,10.33,,0.91,,0,1,SUMUP 2024,Morris and Wingham (2014),greenland,19474,70.2581,-44.6186,256,153,13.29,75.0,0.996,Power law,0.0,
T19_2004_Apr,70.47,-43.56,2659.0,2004,10.31,,0.94,,0,1,SUMUP 2024,Morris and Wingham (2014),greenland,20180,70.5003,-43.4995,260,161,14.39,77.3,0.996,Power law,0.0,
T21_2004_May,70.544,-43.02,2737.0,2004,10.81,,0.94,,0,1,SUMUP 2024,Morris and Wingham (2014),greenland,20183,70.5147,-43.0522,260,164,14.54,77.34,0.996,Power law,0.0,
T21_2004_May_a,70.544,-43.02,2737.0,2004,10.62,,0.92,,0,1,SUMUP 2024,Morris and Wingham (2014),greenland,20183,70.5147,-43.0522,260,164,14.54,77.34,0.996,Power law,0.0,
T23_2004_May,70.625,-42.58,2794.0,2004,10.76,,0.92,,0,1,SUMUP 2024,Morris and Wingham (2014),greenland,20358,70.5778,-42.617,261,167,14.64,77.4,0.996,Power law,0.0,
T27_2004_May,70.775,-41.54,2913.0,2004,11.66,,0.91,,0,1,SUMUP 2024,Morris and Wingham (2014),greenland,20837,70.7541,-41.5978,264,174,15.26,78.12,0.996,Power law,0.0,
T31_2004_May,70.909,-40.64,3008.0,2004,11.85,,0.91,,0,1,SUMUP 2024,Morris and Wingham (2014),greenland,21141,70.8721,-40.7053,266,180,15.69,78.07,0.996,Power law,0.0,
T35_2004_May,70.976,-39.55,3096.0,2004,11.93,,0.92,,0,1,SUMUP 2024,Morris and Wingham (2014),greenland,21455,70.9892,-39.4955,268,188,16.26,78.06,0.996,Power law,0.0,
T41_2004_Aug_c,71.079,-37.92,3201.0,2004,11.91,,0.91,,0,1,SUMUP 2024,Morris and Wingham (2014),greenland,21617,71.0494,-37.9618,269,198,16.61,77.02,0.995,Power law,0.0,
T41_2004_May_c,71.079,-37.92,3201.0,2004,12.2,,0.92,,0,1,SUMUP 2024,Morris and Wingham (2014),greenland,21617,71.0494,-37.9618,269,198,16.61,77.02,0.995,Power law,0.0,
T15_2006_May,70.303,-44.57,2491.0,2006,7.69,,0.85,,0,1,SUMUP 2024,Morris and Wingham (2014),greenland,19474,70.2581,-44.6186,256,153,13.32,75.25,0.996,Power law,0.0,
T19_2006_Aug,70.47,-43.56,2659.0,2006,7.87,,0.85,,0,1,SUMUP 2024,Morris and Wingham (2014),greenland,20180,70.5003,-43.4995,260,161,14.46,77.56,0.997,Power law,0.0,
T19_2006_May,70.47,-43.56,2659.0,2006,8.19,,0.85,,0,1,SUMUP 2024,Morris and Wingham (2014),greenland,20180,70.5003,-43.4995,260,161,14.46,77.56,0.997,Power law,0.0,
CP_2007,69.9,-47.0,2000.0,2007,12.84,77.77,1.0,0.99,0,0,SUMUP 2024,Porter and Mosley-Thompson (2014),greenland,18580,69.8936,-46.9875,251,136,7.94,67.38,0.984,Power law,0.0,
NEEM07S3,77.45,-51.06,2460.0,2007,16.16,74.03,0.97,0.99,0,0,SUMUP 2024,Steen-Larsen et al. (2011),greenland,43942,77.4159,-51.0931,403,142,16.43,72.86,0.994,Power law,0.0,
T4-1,69.819983,-47.4505,1877.0,2007,8.84,,0.56,,0,1,PKM standardized cores,"Harper, J., Humphrey, N., Pfeffer, W. T., Brown, J., & Fettweis, X. (2012). Greenland ice-sheet contribution to sea-level rise buffered by meltwater storage in firn. Nature, 491(7423), 240–243. https://doi.org/10.1038/nature11566",Greenland,18577,69.8696,-47.4177,251,133,6.27,65.22,0.974,Power law,0.0,
,72.594,-38.625,3210.0,2007,17.11,,0.89,,0,1,SUMUP 2024,Adolph et al. (2014),greenland,26448,72.5966,-38.6702,300,194,17.05,76.33,0.995,Power law,0.0,
2009S2_Keegan,77.45,-51.06,2460.0,2009,16.11,74.75,0.85,0.96,0,0,SUMUP 2024,Baker et al. (2009),greenland,43942,77.4159,-51.0931,403,142,16.11,72.68,0.994,Power law,0.0,
NEEM2009S2_Baker,77.45,-51.06,,2009,17.08,,0.91,,0,1,SUMUP 2024,Baker et al. (2009),greenland,43942,77.4159,-51.0931,403,142,16.11,72.68,0.994,Power law,0.0,
ACT10_A,66.0,-41.4667,1825.0,2010,5.09,,-5.16,,0,1,PKM standardized cores,,Greenland,6916,66.0479,-41.4228,170,169,9.18,84.23,0.991,Logarithmic,0.0,
ACT10_B,65.7667,-41.8667,1999.0,2010,9.11,,-0.63,,0,1,PKM standardized cores,,Greenland,6410,65.7847,-41.8667,165,165,8.96,88.54,0.991,Logarithmic,0.0,
ACT10_C,66.0,-42.7667,2354.0,2010,8.86,,0.56,,0,1,PKM standardized cores,,Greenland,6905,66.006,-42.7654,170,158,11.0,82.02,0.994,Logarithmic,0.0,
ACT11C,66.291,-40.746,,2011,6.59,,0.9,,0,1,SUMUP 2024,Miège et al. (2013),greenland,7471,66.3152,-40.7219,175,175,8.36,82.78,0.993,Logarithmic,0.0,
ACT11D,66.479,-46.31,,2011,4.05,54.17,,0.88,1,0,SUMUP 2024,Miège et al. (2013),greenland,8455,66.4949,-46.2676,183,131,5.09,64.49,0.959,Logarithmic,0.0,
NEEM2011S1,77.45,-51.06,2460.0,2011,15.05,75.62,0.98,0.98,0,0,SUMUP 2024,Sigl et al. (2013),greenland,43942,77.4159,-51.0931,403,142,16.17,72.8,0.995,Power law,0.0,
EastGRIP,75.623,-35.96,2702.0,2012,17.89,65.37,0.99,0.99,0,0,SUMUP 2024,Vallelonga et al. (2014),greenland,36444,75.5947,-35.8951,360,209,16.87,69.62,0.989,Power law,0.0,
NG2012,75.017,-42.533,2917.0,2012,15.46,,0.93,,0,1,SUMUP 2024,Freitag et al. (2021)               ,greenland,34450,74.9958,-42.5203,349,175,16.52,72.69,0.994,Power law,0.0,
,72.577,-38.47,3203.0,2015,14.29,,0.88,,0,1,SUMUP 2024,MacFerrin et al. (2022),greenland,26279,72.5475,-38.5003,299,195,16.77,76.54,0.996,Power law,0.0,
,72.577,-38.469,3203.0,2015,14.03,,0.87,,0,1,SUMUP 2024,MacFerrin et al. (2022),greenland,26279,72.5475,-38.5003,299,195,16.77,76.54,0.996,Power law,0.0,
EastGRIP Main Core,75.63,-36.0,2704.0,2016,17.87,65.41,0.98,0.99,0,0,SUMUP 2024,Rasmussen et al. (2023),greenland,36791,75.6959,-36.0862,362,208,16.49,69.97,0.991,Power law,0.0,
,70.302,-44.564,,2016,12.12,,0.87,,0,1,SUMUP 2024,Graeter et al. (2018),greenland,19474,70.2581,-44.6186,256,153,12.23,75.02,0.996,Power law,0.0,
,72.578,-38.469,3209.0,2017,15.59,,0.91,,0,1,SUMUP 2024,MacFerrin et al. (2022),greenland,26279,72.5475,-38.5003,299,195,16.77,76.59,0.996,Power law,0.0,
,72.999,-44.997,,2017,11.75,,0.97,,0,1,SUMUP 2024,Lewis et al. (2019),greenland,28038,72.9624,-45.027,310,157,15.08,74.84,0.996,Power law,0.0,
,73.831,-49.478,,2017,11.86,,0.91,,0,1,SUMUP 2024,Lewis et al. (2019),greenland,31503,73.8717,-49.4507,332,135,12.18,70.47,0.996,Power law,0.0,
,73.593,-47.197,,2017,12.45,,0.93,,0,1,SUMUP 2024,Lewis et al. (2019),greenland,30061,73.5273,-47.2367,323,146,13.89,74.1,0.996,Power law,0.0,
