core_name,profile_key,date,region,latitude,longitude,elevation,reference,n_measurements,max_depth,max_density,depth_to_550_kg_m3,depth_to_830_kg_m3
010_2006,2965,2006-01-15,Antarctica,-66.696,139.899,,GlacioClim-SAMBA (2024),4,1.400,727.980,0.617,
010_2009,3116,2009-01-15,Antarctica,-66.696,139.899,,GlacioClim-SAMBA (2024),5,0.820,809.879,0.139,
010_2010,3205,2010-01-15,Antarctica,-66.696,139.899,,GlacioClim-SAMBA (2024),5,0.820,809.879,0.139,
010_2013,3406,2013-01-15,Antarctica,-66.696,139.899,,GlacioClim-SAMBA (2024),8,1.010,898.145,0.476,0.885
010_2014,3497,2014-01-15,Antarctica,-66.696,139.899,,GlacioClim-SAMBA (2024),10,1.157,708.450,0.828,
010_2017,3765,2017-01-15,Antarctica,-66.696,139.899,,GlacioClim-SAMBA (2024),5,0.940,714.398,0.470,
010_2019,3941,2019-01-15,Antarctica,-66.696,139.899,,GlacioClim-SAMBA (2024),5,0.950,674.385,0.084,
010_2024,4323,2024-01-15,Antarctica,-66.696,139.899,,GlacioClim-SAMBA (2024),4,0.645,750.695,0.324,
015_2007,2993,2007-01-15,Antarctica,-66.699,139.891,,GlacioClim-SAMBA (2024),17,2.487,769.852,0.503,
015_2008,3026,2008-01-15,Antarctica,-66.699,139.891,,GlacioClim-SAMBA (2024),4,0.920,747.869,0.388,
015_2011,3295,2011-01-15,Antarctica,-66.699,139.891,,GlacioClim-SAMBA (2024),5,1.100,768.242,0.113,
015_2013,3407,2013-01-15,Antarctica,-66.699,139.891,,GlacioClim-SAMBA (2024),7,0.912,707.140,0.295,
015_2015,3587,2015-01-15,Antarctica,-66.699,139.891,,GlacioClim-SAMBA (2024),4,0.625,686.865,0.347,
015_2016,3677,2016-01-15,Antarctica,-66.699,139.891,,GlacioClim-SAMBA (2024),4,1.120,648.350,0.919,
015_2017,3766,2017-01-15,Antarctica,-66.699,139.891,,GlacioClim-SAMBA (2024),6,1.255,695.815,1.184,
015_2019,3942,2019-01-15,Antarctica,-66.699,139.891,,GlacioClim-SAMBA (2024),6,0.980,679.974,0.652,
015_2024,4324,2024-01-15,Antarctica,-66.699,139.891,,GlacioClim-SAMBA (2024),4,0.865,850.000,0.252,0.038
020_2008,3027,2008-01-15,Antarctica,-66.698,139.880,,GlacioClim-SAMBA (2024),3,0.750,555.541,0.160,
020_2009,3118,2009-01-15,Antarctica,-66.698,139.880,,GlacioClim-SAMBA (2024),11,2.145,757.783,0.644,
020_2010,3207,2010-01-15,Antarctica,-66.698,139.880,,GlacioClim-SAMBA (2024),11,2.145,757.783,0.644,
020_2011,3296,2011-01-15,Antarctica,-66.698,139.880,,GlacioClim-SAMBA (2024),13,2.320,606.917,0.822,
020_2013,3408,2013-01-15,Antarctica,-66.698,139.880,,GlacioClim-SAMBA (2024),17,2.620,571.970,1.863,
020_2014,3498,2014-01-15,Antarctica,-66.698,139.880,,GlacioClim-SAMBA (2024),10,1.157,708.450,0.828,
020_2015,3588,2015-01-15,Antarctica,-66.698,139.880,,GlacioClim-SAMBA (2024),7,0.955,674.080,0.835,
020_2016,3678,2016-01-15,Antarctica,-66.698,139.880,,GlacioClim-SAMBA (2024),7,0.965,612.350,0.753,
020_2017,3767,2017-01-15,Antarctica,-66.698,139.880,,GlacioClim-SAMBA (2024),10,2.030,652.208,1.081,
020_2018,3853,2018-01-15,Antarctica,-66.698,139.880,,GlacioClim-SAMBA (2024),12,0.790,599.774,0.367,
020_2019,3943,2019-01-15,Antarctica,-66.698,139.880,,GlacioClim-SAMBA (2024),13,1.505,700.394,1.013,
020_2020,4034,2020-01-15,Antarctica,-66.698,139.880,,GlacioClim-SAMBA (2024),15,1.805,680.163,1.525,
020_2021,4123,2021-01-15,Antarctica,-66.698,139.880,,GlacioClim-SAMBA (2024),10,1.698,716.799,1.484,
020_2024,4325,2024-01-15,Antarctica,-66.698,139.880,,GlacioClim-SAMBA (2024),6,0.930,643.010,0.674,
025_2004,2888,2004-01-15,Antarctica,-66.698,139.869,,GlacioClim-SAMBA (2024),21,4.670,762.660,3.055,
025_2005,2909,2005-01-15,Antarctica,-66.698,139.869,,GlacioClim-SAMBA (2024),8,1.905,711.586,1.780,
025_2008,3028,2008-01-15,Antarctica,-66.698,139.869,,GlacioClim-SAMBA (2024),3,0.565,749.413,0.444,
025_2009,3119,2009-01-15,Antarctica,-66.698,139.869,,GlacioClim-SAMBA (2024),8,1.980,664.434,1.749,
025_2010,3208,2010-01-15,Antarctica,-66.698,139.869,,GlacioClim-SAMBA (2024),8,1.980,664.434,1.749,
025_2011,3297,2011-01-15,Antarctica,-66.698,139.869,,GlacioClim-SAMBA (2024),13,2.390,591.001,1.557,
025_2014,3499,2014-01-15,Antarctica,-66.698,139.869,,GlacioClim-SAMBA (2024),9,1.035,697.240,0.695,
025_2015,3589,2015-01-15,Antarctica,-66.698,139.869,,GlacioClim-SAMBA (2024),12,1.570,682.195,0.671,
025_2017,3768,2017-01-15,Antarctica,-66.698,139.869,,GlacioClim-SAMBA (2024),10,1.900,618.802,1.339,
025_2018,3854,2018-01-15,Antarctica,-66.698,139.869,,GlacioClim-SAMBA (2024),13,1.345,616.858,0.337,
025_2019,3944,2019-01-15,Antarctica,-66.698,139.869,,GlacioClim-SAMBA (2024),13,1.700,695.788,0.853,
025_2021,4124,2021-01-15,Antarctica,-66.698,139.869,,GlacioClim-SAMBA (2024),10,1.060,685.878,0.799,
025_2024,4326,2024-01-15,Antarctica,-66.698,139.869,,GlacioClim-SAMBA (2024),6,0.870,644.900,0.663,
031_2005,2910,2005-01-15,Antarctica,-66.699,139.855,,GlacioClim-SAMBA (2024),7,1.755,635.186,1.272,
031_2007,2994,2007-01-15,Antarctica,-66.699,139.855,,GlacioClim-SAMBA (2024),14,2.390,563.236,1.668,
031_2008,3029,2008-01-15,Antarctica,-66.699,139.855,,GlacioClim-SAMBA (2024),11,2.970,762.851,2.406,
031_2009,3120,2009-01-15,Antarctica,-66.699,139.855,,GlacioClim-SAMBA (2024),14,2.270,686.690,2.055,
031_2010,3209,2010-01-15,Antarctica,-66.699,139.855,,GlacioClim-SAMBA (2024),14,2.270,686.690,2.055,
031_2014,3500,2014-01-15,Antarctica,-66.699,139.855,,GlacioClim-SAMBA (2024),8,1.225,619.515,0.664,
031_2015,3590,2015-01-15,Antarctica,-66.699,139.855,,GlacioClim-SAMBA (2024),15,2.100,616.915,1.002,
031_2016,3680,2016-01-15,Antarctica,-66.699,139.855,,GlacioClim-SAMBA (2024),6,1.380,652.400,1.077,
031_2020,4036,2020-01-15,Antarctica,-66.699,139.855,,GlacioClim-SAMBA (2024),10,1.980,655.423,1.311,
031_2021,4125,2021-01-15,Antarctica,-66.699,139.855,,GlacioClim-SAMBA (2024),10,1.700,671.770,1.417,
038_2005,2911,2005-01-15,Antarctica,-66.701,139.840,,GlacioClim-SAMBA (2024),3,0.690,550.050,0.315,
038_2009,3121,2009-01-15,Antarctica,-66.701,139.840,,GlacioClim-SAMBA (2024),12,2.355,663.562,1.685,
038_2010,3210,2010-01-15,Antarctica,-66.701,139.840,,GlacioClim-SAMBA (2024),12,2.355,663.562,1.685,
038_2014,3501,2014-01-15,Antarctica,-66.701,139.840,,GlacioClim-SAMBA (2024),10,1.445,568.610,1.188,
038_2015,3591,2015-01-15,Antarctica,-66.701,139.840,,GlacioClim-SAMBA (2024),13,2.470,636.390,2.040,
045_2004,2890,2004-01-15,Antarctica,-66.702,139.824,,GlacioClim-SAMBA (2024),4,0.675,553.674,0.391,
045_2005,2912,2005-01-15,Antarctica,-66.702,139.824,,GlacioClim-SAMBA (2024),15,3.150,714.235,1.117,
045_2009,3122,2009-01-15,Antarctica,-66.702,139.824,,GlacioClim-SAMBA (2024),10,2.055,656.124,1.902,
045_2010,3211,2010-01-15,Antarctica,-66.702,139.824,,GlacioClim-SAMBA (2024),10,2.055,656.124,1.902,
045_2014,3502,2014-01-15,Antarctica,-66.702,139.824,,GlacioClim-SAMBA (2024),9,1.125,602.065,1.007,
045_2015,3592,2015-01-15,Antarctica,-66.702,139.824,,GlacioClim-SAMBA (2024),17,2.245,626.395,1.457,
045_2018,3857,2018-01-15,Antarctica,-66.702,139.824,,GlacioClim-SAMBA (2024),13,2.100,641.305,0.520,
045_2019,3947,2019-01-15,Antarctica,-66.702,139.824,,GlacioClim-SAMBA (2024),13,2.185,638.552,0.089,
045_2024,4329,2024-01-15,Antarctica,-66.702,139.824,,GlacioClim-SAMBA (2024),11,2.100,640.765,1.762,
052_2008,3032,2008-01-15,Antarctica,-66.703,139.809,,GlacioClim-SAMBA (2024),12,2.295,687.337,1.483,
052_2014,3503,2014-01-15,Antarctica,-66.703,139.809,,GlacioClim-SAMBA (2024),9,1.230,575.470,0.613,
052_2015,3593,2015-01-15,Antarctica,-66.703,139.809,,GlacioClim-SAMBA (2024),17,2.105,569.845,1.649,
052_2017,3772,2017-01-15,Antarctica,-66.703,139.809,,GlacioClim-SAMBA (2024),11,2.205,602.807,2.174,
052_2021,4128,2021-01-15,Antarctica,-66.703,139.809,,GlacioClim-SAMBA (2024),11,1.725,621.786,1.012,
055_2004,2891,2004-01-15,Antarctica,-66.706,139.802,,GlacioClim-SAMBA (2024),5,0.800,556.554,0.707,
055_2005,2914,2005-01-15,Antarctica,-66.706,139.802,,GlacioClim-SAMBA (2024),10,3.185,867.860,2.097,0.310
055_2008,3033,2008-01-15,Antarctica,-66.706,139.802,,GlacioClim-SAMBA (2024),9,2.990,555.669,2.832,
055_2014,3504,2014-01-15,Antarctica,-66.706,139.802,,GlacioClim-SAMBA (2024),8,1.360,628.770,1.296,
055_2019,3949,2019-01-15,Antarctica,-66.706,139.802,,GlacioClim-SAMBA (2024),13,2.240,558.053,1.879,
055_2021,4129,2021-01-15,Antarctica,-66.706,139.802,,GlacioClim-SAMBA (2024),10,1.730,645.173,1.081,
064_2004,2892,2004-01-15,Antarctica,-66.707,139.784,,GlacioClim-SAMBA (2024),12,3.400,598.309,1.831,
064_2014,3505,2014-01-15,Antarctica,-66.707,139.784,,GlacioClim-SAMBA (2024),8,1.123,570.630,0.739,
064_2015,3595,2015-01-15,Antarctica,-66.707,139.784,,GlacioClim-SAMBA (2024),12,2.335,640.405,2.311,
068_2005,2916,2005-01-15,Antarctica,-66.709,139.775,,GlacioClim-SAMBA (2024),14,2.825,593.432,1.970,
068_2008,3035,2008-01-15,Antarctica,-66.709,139.775,,GlacioClim-SAMBA (2024),9,1.970,615.760,1.670,
068_2011,3304,2011-01-15,Antarctica,-66.709,139.775,,GlacioClim-SAMBA (2024),12,2.330,561.915,1.560,
068_2014,3506,2014-01-15,Antarctica,-66.709,139.775,,GlacioClim-SAMBA (2024),14,1.355,730.570,1.012,
068_2015,3596,2015-01-15,Antarctica,-66.709,139.775,,GlacioClim-SAMBA (2024),12,2.100,660.230,1.538,
068_2019,3951,2019-01-15,Antarctica,-66.709,139.775,,GlacioClim-SAMBA (2024),9,1.720,557.748,1.344,
068_2020,4042,2020-01-15,Antarctica,-66.709,139.775,,GlacioClim-SAMBA (2024),11,2.150,647.044,2.029,
074_2009,3125,2009-01-15,Antarctica,-66.711,139.763,,GlacioClim-SAMBA (2024),10,1.870,682.307,0.738,
074_2010,3214,2010-01-15,Antarctica,-66.711,139.763,,GlacioClim-SAMBA (2024),10,1.870,682.307,0.738,
074_2014,3507,2014-01-15,Antarctica,-66.711,139.763,,GlacioClim-SAMBA (2024),8,1.555,741.640,1.101,
074_2024,4334,2024-01-15,Antarctica,-66.711,139.763,,GlacioClim-SAMBA (2024),12,2.085,618.905,1.199,
085_2004,2894,2004-01-15,Antarctica,-66.716,139.740,,GlacioClim-SAMBA (2024),13,3.600,559.713,0.166,
085_2015,3598,2015-01-15,Antarctica,-66.716,139.740,,GlacioClim-SAMBA (2024),13,2.540,556.160,2.447,
095_2014,3509,2014-01-15,Antarctica,-66.722,139.724,,GlacioClim-SAMBA (2024),13,1.430,576.115,0.708,
118_2014,3511,2014-01-15,Antarctica,-66.732,139.677,,GlacioClim-SAMBA (2024),6,1.130,746.688,0.912,
129_2006,2970,2006-01-15,Antarctica,-66.737,139.656,,GlacioClim-SAMBA (2024),15,4.500,559.282,4.479,
129_2015,3602,2015-01-15,Antarctica,-66.737,139.656,,GlacioClim-SAMBA (2024),11,2.465,562.665,2.299,
153_2015,3604,2015-01-15,Antarctica,-66.747,139.609,,GlacioClim-SAMBA (2024),10,2.445,556.530,1.670,
162_2017,3784,2017-01-15,Antarctica,-66.752,139.591,,GlacioClim-SAMBA (2024),11,2.115,648.699,1.674,
162_2018,3870,2018-01-15,Antarctica,-66.752,139.591,,GlacioClim-SAMBA (2024),10,2.390,559.170,1.922,
173_2014,3516,2014-01-15,Antarctica,-66.760,139.578,,GlacioClim-SAMBA (2024),4,0.780,649.740,0.681,
192_2014,3518,2014-01-15,Antarctica,-66.775,139.557,,GlacioClim-SAMBA (2024),5,0.845,559.790,0.673,
212_2019,3965,2019-01-15,Antarctica,-66.790,139.532,,GlacioClim-SAMBA (2024),13,5.370,552.989,4.803,
222_2014,3521,2014-01-15,Antarctica,-66.798,139.520,,GlacioClim-SAMBA (2024),6,0.863,586.845,0.421,
233_2015,3612,2015-01-15,Antarctica,-66.806,139.509,,GlacioClim-SAMBA (2024),15,2.460,593.485,2.326,
233_2018,3877,2018-01-15,Antarctica,-66.806,139.509,,GlacioClim-SAMBA (2024),10,2.410,554.018,0.097,
242_2015,3613,2015-01-15,Antarctica,-66.813,139.497,,GlacioClim-SAMBA (2024),13,2.525,589.760,2.339,
331_2014,3532,2014-01-15,Antarctica,-66.880,139.387,,GlacioClim-SAMBA (2024),7,0.985,619.785,0.776,
362_2019,3980,2019-01-15,Antarctica,-66.905,139.354,,GlacioClim-SAMBA (2024),10,2.255,587.379,1.477,
442_2019,3986,2019-01-15,Antarctica,-66.966,139.257,,GlacioClim-SAMBA (2024),16,8.957,552.596,8.876,
482_2016,3721,2016-01-15,Antarctica,-66.996,139.209,,GlacioClim-SAMBA (2024),9,1.845,616.400,1.433,
582_2016,3726,2016-01-15,Antarctica,-67.072,139.088,,GlacioClim-SAMBA (2024),7,1.955,556.350,1.243,
ABN1314-103,2611,2014-01-07,Antarctica,-71.170,111.370,2679.000,Akers et al. (2022),96,102.520,822.900,18.846,
BER01C90_01,837,1990-01-06,Antarctica,-78.300,-46.283,730.000,"Wagenbach (1994a,b,c,d)",20,10.905,579.000,8.210,
BER02C90_02,838,1990-01-06,Antarctica,-79.658,-45.617,940.000,"Wagenbach (1994a,b,c,d)",314,11.005,567.000,9.607,
BER11C95_25,724,1995-02-08,Antarctica,-79.614,-45.724,886.000,Gerland et al. (1999),51174,178.212,912.530,10.700,56.127
BR-IC-02,4414,2004-12-13,Antarctica,-88.023,-82.073,43.000,Taveres et al. (2020),117,42.915,790.000,9.870,
BR-IC-03,4415,2004-12-18,Antarctica,-85.999,-81.585,44.000,Marques et al. (2014),144,44.212,840.000,5.925,42.315
BR-IC-04,4416,2004-12-22,Antarctica,-83.983,-80.117,21.000,Portella et al. (2023),77,21.587,624.424,10.733,
BR-IC-05,4417,2004-12-26,Antarctica,-82.509,-79.467,40.000,Hammes et al. (2009),143,40.538,780.000,11.182,
BR-IC-06,4418,2004-12-30,Antarctica,-81.053,-79.836,34.000,Schwanck et al. (2014),131,34.235,730.000,9.238,
BR-TT-01,4420,2015-07-01,Antarctica,-84.000,-79.492,9.000,Marcher et al. (2022),45,9.697,609.769,7.089,
BR-TT-06,4421,2015-12-01,Antarctica,-80.415,-94.684,4.000,Ferreira et al. (2024),15,4.810,555.882,4.436,
BR-TT-07,4422,2015-01-14,Antarctica,-79.926,-94.354,20.000,Marquetto et al. (2020),71,20.040,623.628,8.999,
Byrd,2499,1956-12-20,Antarctica,-80.000,-120.000,1500.000,Gow (1968) as in Spencer et al. (2001),143,304.500,916.000,11.286,63.000
C31_2007,3022,2007-01-15,Antarctica,-67.546,138.023,,GlacioClim-SAMBA (2024),9,2.110,571.461,0.133,
C39_2007,3023,2007-01-15,Antarctica,-67.579,137.867,,GlacioClim-SAMBA (2024),17,4.105,703.964,3.364,
D47,4435,1989-01-10,Antarctica,-67.383,138.717,1548.000,Arnaud et al. (1998),104,166.700,915.000,9.130,64.513
D57,4434,1981-01-15,Antarctica,-68.183,137.550,,Raynaud and Barnola (1985),46,193.440,883.000,23.475,78.368
DC1_2004,4432,2004-01-15,Antarctica,-75.100,123.350,3233.000,Verfaillie et al. (2012),388,130.062,908.121,22.391,97.641
DE08 DE08-2,2501,1987-01-17,Antarctica,-66.722,113.199,1250.000,Ethderidge and Wookey (1989) as in Spencer et al. (2001),112,188.390,909.100,9.937,77.325
DE08-2,2617,1992-12-20,Antarctica,-66.722,113.199,,"Fourteau (2019a,b,c)",373,167.800,905.460,8.731,83.120
DIV2010,63,2010-12-31,Antarctica,-76.770,-101.738,1329.000,Medley et al. (2013),120,111.620,930.000,8.231,73.667
DML02S98_13,821,1998-01-12,Antarctica,-74.968,3.918,3014.000,"Graf et al. (2002a,b,c,d,e,f,g,h,i,j,k,l,m,n,o)",430,22.008,600.000,11.486,
DML03C97_00,804,1997-01-04,Antarctica,-74.499,1.961,2855.000,"Oerter et al. (1999a,b,c,d,e,f,g,h)",1154,11.575,561.100,10.947,
DML03C98_09,835,1998-01-02,Antarctica,-74.499,1.961,2843.000,"Oerter et al. (2000a,b,c,d,e,f,g,h,i)",6921,41.425,706.600,13.365,
DML05C98_06,819,1997-12-28,Antarctica,-75.003,0.023,2880.000,"Oerter et al. (2000a,b,c,d,e,f,g,h,i)",4633,29.855,645.900,18.055,
DML05C98_07,817,1997-12-30,Antarctica,-74.997,0.036,2880.000,"Oerter et al. (2000a,b,c,d,e,f,g,h,i)",4908,29.680,646.400,18.275,
DML05C98_3,813,1997-12-24,Antarctica,-75.002,0.007,2882.000,"Graf et al. (2002a,b,c,d,e,f,g,h,i,j,k,l,m,n,o)",2379,148.865,915.000,18.623,87.001
DML07C98_3,795,1997-12-20,Antarctica,-75.582,-3.430,2669.000,Oerter et al. (2004),1511,114.465,892.000,18.264,82.276
DML08C97_00,792,1997-01-22,Antarctica,-75.753,3.283,2962.000,"Oerter et al. (1999a,b,c,d,e,f,g,h)",1488,11.425,558.500,10.825,
DML11C98_03,827,1997-12-16,Antarctica,-74.855,-8.497,2600.000,"Graf et al. (2002a,b,c,d,e,f,g,h,i,j,k,l,m,n,o)",283,15.945,600.000,8.112,
DML12C98_17,814,1998-01-20,Antarctica,-75.001,-6.498,2680.000,"Graf et al. (2002a,b,c,d,e,f,g,h,i,j,k,l,m,n,o)",451,24.645,600.000,15.521,
DML13C98_16,822,1998-01-20,Antarctica,-75.000,-4.496,2740.000,"Graf et al. (2002a,b,c,d,e,f,g,h,i,j,k,l,m,n,o)",359,19.977,600.000,10.646,
DML14C98_15,826,1998-01-16,Antarctica,-74.949,-1.494,2840.000,"Graf et al. (2002a,b,c,d,e,f,g,h,i,j,k,l,m,n,o)",449,21.982,600.000,17.258,
DML15C98_14,823,1998-01-14,Antarctica,-75.084,2.501,2970.000,"Graf et al. (2002a,b,c,d,e,f,g,h,i,j,k,l,m,n,o)",415,25.976,600.000,12.744,
DML16C98_13,831,1998-01-12,Antarctica,-75.167,5.003,3100.000,"Oerter et al. (2000a,b,c,d,e,f,g,h,i)",4373,29.570,653.400,18.190,
DML17C98_3,828,1998-01-08,Antarctica,-75.167,6.498,3160.000,"Graf et al. (2002a,b,c,d,e,f,g,h,i,j,k,l,m,n,o)",971,72.011,800.000,18.065,
DML18C98_04,824,1997-12-16,Antarctica,-75.250,-6.000,2630.000,"Graf et al. (2002a,b,c,d,e,f,g,h,i,j,k,l,m,n,o)",247,20.958,600.000,10.538,
DML19C98_05,818,1997-12-24,Antarctica,-75.167,-0.995,2480.000,"Oerter et al. (2000a,b,c,d,e,f,g,h,i)",4964,30.035,666.600,14.325,
DML20C98_08,815,1997-12-31,Antarctica,-74.751,1.000,2860.000,"Graf et al. (2002a,b,c,d,e,f,g,h,i,j,k,l,m,n,o)",515,26.986,600.000,12.627,
DML21C98_10,832,1998-01-04,Antarctica,-74.667,4.002,2980.000,"Oerter et al. (2000a,b,c,d,e,f,g,h,i)",5887,34.920,680.500,17.470,
DML22C98_11,816,1998-01-06,Antarctica,-75.084,6.500,3160.000,"Graf et al. (2002a,b,c,d,e,f,g,h,i,j,k,l,m,n,o)",465,23.950,600.000,12.264,
DML24C98_18,836,1998-12-28,Antarctica,-74.449,-9.181,2169.000,"Oerter et al. (2000a,b,c,d,e,f,g,h,i)",2329,13.865,612.500,5.810,
DML27C00_04,807,2000-01-28,Antarctica,-75.056,0.704,2899.000,"Graf et al. (2002a,b,c,d,e,f,g,h,i,j,k,l,m,n,o)",1764,12.945,570.900,11.595,
DML28C01_00,740,2001-01-28,Antarctica,-75.002,0.068,2882.000,Oerter et al. (2002),98,110.555,872.000,19.562,89.373
DML60C98_02,830,1997-12-12,Antarctica,-74.205,-9.742,1439.000,"Oerter et al. (2000a,b,c,d,e,f,g,h,i)",4544,26.440,740.700,9.665,
DML641C02_01,820,2002-01-02,Antarctica,-71.214,-6.794,600.000,"Fernandoy (2010a,b,c)",7,14.075,577.500,8.517,
DML651C02_03,833,2002-01-02,Antarctica,-71.457,-9.861,630.000,"Fernandoy (2010a,b,c)",6,11.877,578.100,8.276,
DML66C03_01,954,2003-12-12,Antarctica,-71.111,1.646,1013.000,Anschütz et al. (2007),9849,12.590,666.978,4.400,
DML94C07_38,2610,2007-01-14,Antarctica,-71.162,-6.699,690.000,"Wilhelms (2007a,b)",75089,83.979,920.203,7.132,83.022
DML96C07_39,1707,2007-01-26,Antarctica,-71.408,-9.917,655.000,Wilhelms et al. (2007),68955,78.178,890.082,6.229,65.078
DSS,2505,1988-01-01,Antarctica,-66.770,112.807,1370.000,Morgan et al. (1997) as in Spencer et al. (2001),31,165.000,910.000,13.707,82.672
Dome A CHINARE-21,2620,2005-01-01,Antarctica,-80.367,77.373,4093.000,Cunde et al. (2008),114,109.280,873.370,24.592,92.030
Dome C,2502,1979-01-01,Antarctica,-74.500,123.167,3240.000,Alley (1980) as in Spencer et al. (2001),50,49.000,665.000,24.600,
Dominion Range,2504,1984-12-01,Antarctica,-85.250,166.500,2775.000,Mayewski et al. (1990) as in Spencer et al. (2001),81,79.750,890.000,14.267,49.432
Drake,4423,1996-01-01,Antarctica,-62.108,-58.667,5.000,Simoes et al. (2004a),26,5.235,679.000,5.235,
Ezcurra,4424,1996-01-01,Antarctica,-62.167,-58.567,5.000,Simoes et al. (2004a),31,0.054,711.000,0.041,
FRI07C84_340,801,1980-02-01,Antarctica,-78.606,-55.432,92.000,"Graf et al. (1988a,b,c,d,e,f,g,h,i,j,k,l,m,n,o,p,q)",520,101.153,899.000,14.716,56.839
FRI12C92_15,777,1992-01-28,Antarctica,-77.935,-55.936,61.000,"Graf and Oerter (2006a,b,c,d,e,f,g,h,i,j,k,l,m,n,o,p,q,r,s,t,u,v,w,x,y,z)",1212,199.735,910.000,12.095,55.291
FRI35C95_01,812,1995-02-04,Antarctica,-83.167,-59.575,163.000,"Graf et al. (1999a,b,c,d,e,f,g,h,i,j,k,l,m,n,o,p)",188,10.950,593.000,10.710,
FRI37C95_05,799,1995-02-16,Antarctica,-83.918,-60.360,482.000,"Graf et al. (1999a,b,c,d,e,f,g,h,i,j,k,l,m,n,o,p)",224,11.082,605.000,9.662,
FRI38C95_04,789,1995-02-16,Antarctica,-84.818,-59.635,1191.000,"Graf et al. (1999a,b,c,d,e,f,g,h,i,j,k,l,m,n,o,p)",310,12.493,571.000,10.546,
Firetracc 1999,4431,2009-01-15,Antarctica,-75.100,123.350,3233.000,Verfaillie et al. (2012),256,120.205,866.355,26.113,95.976
Isaksson 74 16S/0 37E,2527,1989-01-01,Antarctica,-74.267,0.617,2700.000,Isaksson and Karlén (1994) as in Spencer et al. (2001),31,10.450,580.000,9.593,
Isaksson 75 S/2 E,2526,1989-01-01,Antarctica,-75.000,2.000,2900.000,Isaksson and Karlén (1994) as in Spencer et al. (2001),64,20.422,616.310,13.368,
Isaksson A,2515,1989-01-01,Antarctica,-72.654,-16.646,30.000,Isaksson and Karlén (1994) as in Spencer et al. (2001),193,9.925,631.000,4.375,
Isaksson C,2516,1989-01-01,Antarctica,-72.762,-14.590,70.000,Isaksson and Karlén (1994) as in Spencer et al. (2001),211,10.155,636.000,5.335,
Isaksson D,2517,1989-01-01,Antarctica,-73.457,-12.625,300.000,Isaksson and Karlén (1994) as in Spencer et al. (2001),25,9.900,655.000,4.990,
Isaksson E,2518,1989-01-01,Antarctica,-73.594,-12.427,700.000,Isaksson and Karlén (1994) as in Spencer et al. (2001),24,9.850,610.000,5.404,
Isaksson E30m,2519,1989-01-01,Antarctica,-73.600,-12.433,700.000,Isaksson and Karlén (1994) as in Spencer et al. (2001),579,25.473,747.387,5.506,
Isaksson F,2520,1989-01-01,Antarctica,-73.816,-12.210,800.000,Isaksson and Karlén (1994) as in Spencer et al. (2001),26,9.905,616.000,5.703,
Isaksson G,2521,1989-01-01,Antarctica,-74.014,-12.016,1200.000,Isaksson and Karlén (1994) as in Spencer et al. (2001),20,10.035,576.000,7.523,
Isaksson G26m,2522,1989-01-01,Antarctica,-74.017,-12.017,1200.000,Isaksson and Karlén (1994) as in Spencer et al. (2001),75,26.291,780.046,4.669,
Isaksson H,2523,1989-01-01,Antarctica,-74.351,-11.723,1200.000,Isaksson and Karlén (1994) as in Spencer et al. (2001),20,9.995,611.000,4.750,
JARE,2529,1978-01-01,Antarctica,-70.698,44.332,2230.000,Kusunoki and Suzuki (1978) as in Spencer et al. (2001),118,122.500,896.000,7.985,53.081
JARE11,2530,1970-07-01,Antarctica,-70.698,44.332,2230.000,Kusunoki and Suzuki (1978) as in Spencer et al. (2001),216,108.750,891.000,7.456,52.650
Lange,4426,1995-01-12,Antarctica,-62.130,-59.627,48.000,Simoes et al. (2004a),426,0.484,877.000,0.046,0.382
Mile 120,2534,1959-11-13,Antarctica,-77.997,-120.017,1690.000,Doumani and Pirritt (1960) as in Spencer et al. (2001),161,9.932,571.000,6.380,
Mile 150,2535,1959-11-17,Antarctica,-77.497,-120.017,1775.000,Doumani and Pirritt (1960) as in Spencer et al. (2001),151,9.845,620.000,7.880,
Mile 167,2536,1959-11-19,Antarctica,-77.225,-119.850,1819.000,Doumani and Pirritt (1960) as in Spencer et al. (2001),147,9.925,635.000,6.870,
Mile 198,2537,1959-11-21,Antarctica,-76.850,-118.233,1899.000,Doumani and Pirritt (1960) as in Spencer et al. (2001),157,9.678,648.000,6.930,
Mile 222,2538,1959-11-24,Antarctica,-76.627,-117.617,1530.000,Doumani and Pirritt (1960) as in Spencer et al. (2001),154,9.880,610.000,2.705,
Mile 258,2539,1959-11-27,Antarctica,-76.062,-116.950,1575.000,Doumani and Pirritt (1960) as in Spencer et al. (2001),155,9.682,623.000,8.903,
Mile 288,2540,1959-11-30,Antarctica,-75.588,-116.450,1117.000,Doumani and Pirritt (1960) as in Spencer et al. (2001),148,9.915,601.000,7.232,
Mile 30,2531,1959-11-07,Antarctica,-79.495,-120.033,1544.000,Doumani and Pirritt (1960) as in Spencer et al. (2001),158,9.670,590.000,8.945,
Mile 360,2541,1959-12-21,Antarctica,-75.417,-116.300,83.000,Doumani and Pirritt (1960) as in Spencer et al. (2001),131,9.940,610.000,5.548,
Mile 457,2542,1959-12-24,Antarctica,-74.993,-116.117,849.000,Doumani and Pirritt (1960) as in Spencer et al. (2001),126,9.863,610.000,4.716,
Mile 529,2543,1959-12-27,Antarctica,-75.787,-118.750,1644.000,Doumani and Pirritt (1960) as in Spencer et al. (2001),133,9.943,582.000,8.477,
Mile 565,2544,1959-12-30,Antarctica,-75.987,-121.083,1864.000,Doumani and Pirritt (1960) as in Spencer et al. (2001),132,9.910,594.000,7.830,
Mile 60,2532,1959-11-09,Antarctica,-79.003,-119.567,1592.000,Doumani and Pirritt (1960) as in Spencer et al. (2001),169,9.857,604.000,6.397,
Mile 603,2545,1960-01-01,Antarctica,-76.017,-123.683,2108.000,Doumani and Pirritt (1960) as in Spencer et al. (2001),127,9.930,580.000,6.110,
Mile 639,2546,1960-01-05,Antarctica,-75.712,-125.633,1687.000,Doumani and Pirritt (1960) as in Spencer et al. (2001),124,9.790,585.000,8.335,
Mile 676,2547,1960-01-07,Antarctica,-75.797,-128.067,2002.000,Doumani and Pirritt (1960) as in Spencer et al. (2001),113,9.890,608.000,7.280,
Mile 711.5,2548,1960-01-10,Antarctica,-76.038,-130.167,1904.000,Doumani and Pirritt (1960) as in Spencer et al. (2001),120,9.940,588.000,7.342,
Mile 747,2549,1960-01-17,Antarctica,-76.338,-132.300,2138.000,Doumani and Pirritt (1960) as in Spencer et al. (2001),112,9.910,561.000,9.910,
Mile 783,2550,1960-01-20,Antarctica,-76.638,-134.500,2157.000,Doumani and Pirritt (1960) as in Spencer et al. (2001),123,9.898,571.000,9.144,
Mile 819,2551,1960-01-23,Antarctica,-76.900,-136.867,1844.000,Doumani and Pirritt (1960) as in Spencer et al. (2001),155,9.865,599.000,5.761,
Mile 855,2552,1960-01-25,Antarctica,-77.150,-139.300,1498.000,Doumani and Pirritt (1960) as in Spencer et al. (2001),131,9.740,625.000,4.595,
Mile 890,2553,1960-01-27,Antarctica,-77.358,-141.767,1102.000,Doumani and Pirritt (1960) as in Spencer et al. (2001),109,9.805,637.000,6.880,
Mile 90,2533,1959-11-12,Antarctica,-78.505,-119.717,1616.000,Doumani and Pirritt (1960) as in Spencer et al. (2001),172,9.797,633.000,9.315,
Mile 927,2554,1960-01-30,Antarctica,-77.838,-139.950,1134.000,Doumani and Pirritt (1960) as in Spencer et al. (2001),148,9.900,630.000,9.160,
Mile 963,2555,1960-02-01,Antarctica,-78.312,-138.167,1053.000,Doumani and Pirritt (1960) as in Spencer et al. (2001),148,9.783,586.000,8.259,
Mizuho G15,2557,1996-01-01,Antarctica,-71.194,45.979,2571.000,Watanabe et al. (1997) as in Spencer et al. (2001),198,99.945,886.000,16.691,93.486
Mizuho G6,2556,1996-01-01,Antarctica,-73.113,39.758,3005.000,Watanabe et al. (1997) as in Spencer et al. (2001),292,99.580,902.000,16.990,82.188
Mizuho H15,2558,1996-01-01,Antarctica,-69.079,40.782,1050.000,Watanabe et al. (1997) as in Spencer et al. (2001),43,118.915,916.000,8.205,55.665
Mizuho S25,2559,1996-01-01,Antarctica,-69.032,40.456,896.000,Watanabe et al. (1997) as in Spencer et al. (2001),162,75.940,915.000,7.385,43.835
Mount Johns,4419,2008-12-17,Antarctica,-79.924,-94.388,93.000,Schwanck et al. (2016),283,93.030,900.000,12.380,76.295
NM02C02_02,834,2002-01-04,Antarctica,-70.656,-8.254,28.000,"Fernandoy (2010a,b,c)",22,13.250,648.700,6.632,
NM02C89_01,751,1989-12-28,Antarctica,-70.659,-8.252,28.000,Schlosser et al. (2002),452,9.990,612.000,5.389,
NM033C98_01,829,1997-12-04,Antarctica,-70.707,-8.427,35.000,"Oerter et al. (2000a,b,c,d,e,f,g,h,i)",4732,27.755,918.000,9.730,13.623
PIG2010,61,2010-12-22,Antarctica,-77.957,-95.962,1593.000,Medley et al. (2013),61,57.380,758.000,9.660,
RICE ice core,2859,2013-01-01,Antarctica,-79.364,-161.706,550.000,Winstrup et al. (2019); Winstrup (2019),2711,343.697,929.000,8.130,51.767
Ridge B-C,2560,1986-01-01,Antarctica,-82.892,-136.660,500.000, Alley (1987) as in Spencer et al. (2001),102,101.500,905.000,12.367,53.300
SP 15 FC1,2625,2015-11-01,Antarctica,-90.000,0.000,,SPICE cores,97,96.438,777.301,21.128,
SP 15 FC2,2626,2015-12-01,Antarctica,-90.000,0.000,,SPICE cores,125,127.526,843.988,22.362,119.435
Siple Dome shallow core B,2851,1996-12-10,Antarctica,-81.660,-148.812,,Jones et al. (2014); Lamorey (2003),95,98.500,910.300,11.279,53.943
Siple Dome shallow core C,2852,1996-12-15,Antarctica,-81.660,-148.794,,Jones et al. (2014); Lamorey (2003),89,91.525,914.400,11.591,52.855
Siple Dome shallow core D,2853,1997-01-11,Antarctica,-81.650,-148.786,,Jones et al. (2014); Lamorey (2003),27,30.368,712.600,10.493,
Siple Dome shallow core E,2854,1996-12-27,Antarctica,-81.300,-148.302,,Jones et al. (2014); Lamorey (2003),102,99.522,900.900,11.585,58.958
Siple Dome shallow core F,2855,1996-12-05,Antarctica,-81.910,-149.337,,Jones et al. (2014); Lamorey (2003),95,100.266,906.900,11.075,45.989
Siple Dome shallow core G,2856,1997-01-13,Antarctica,-81.570,-148.597,,Jones et al. (2014); Lamorey (2003),25,30.197,699.700,11.550,
Siple Dome shallow core H,2857,1997-01-15,Antarctica,-81.740,-148.977,,Jones et al. (2014); Lamorey (2003),25,30.341,665.400,14.335,
Siple Dome shallow core I,2858,1997-01-16,Antarctica,-81.650,-148.786,,Jones et al. (2014); Lamorey (2003),24,29.555,699.600,11.492,
South Pole,2571,1996-01-01,Antarctica,-90.000,0.000,2850.000,personal communication from T. Sowers 1996 as in Spencer et al. (2001),96,121.845,841.700,21.250,119.731
South Pole Ice Core,2885,2015-11-01,Antarctica,-90.000,-180.000,2835.000,Winski et al. (2019),222,127.530,844.000,22.340,119.434
Station 512,2572,1959-11-27,Antarctica,-75.000,147.000,2520.000,Stuart and Heine (1961) as in Spencer et al. (2001),85,15.742,610.000,15.074,
Station 519,2573,1959-12-07,Antarctica,-74.000,143.000,2541.000,Stuart and Heine (1961) as in Spencer et al. (2001),100,15.944,580.000,8.065,
Station 521,2574,1959-12-10,Antarctica,-73.000,142.000,2516.000,Stuart and Heine (1961) as in Spencer et al. (2001),60,15.547,590.000,7.874,
Station 524,2575,1959-12-15,Antarctica,-73.000,141.000,2498.000,Stuart and Heine (1961) as in Spencer et al. (2001),75,15.906,600.000,10.830,
Station 527,2576,1959-12-19,Antarctica,-72.000,140.000,2467.000,Stuart and Heine (1961) as in Spencer et al. (2001),82,16.753,570.000,7.623,
Station 531,2577,1959-12-24,Antarctica,-71.000,139.000,2513.000,Stuart and Heine (1961) as in Spencer et al. (2001),86,15.469,580.000,8.079,
Station 536,2578,1960-01-04,Antarctica,-72.000,143.000,2356.000,Stuart and Heine (1961) as in Spencer et al. (2001),87,15.616,580.000,7.865,
Station 540,2579,1960-01-09,Antarctica,-72.000,146.000,2287.000,Stuart and Heine (1961) as in Spencer et al. (2001),94,16.108,630.000,7.732,
Station 544,2580,1960-01-13,Antarctica,-72.000,148.000,2216.000,Stuart and Heine (1961) as in Spencer et al. (2001),80,15.759,600.000,4.650,
Station 548,2581,1960-01-18,Antarctica,-72.000,151.000,2205.000,Stuart and Heine (1961) as in Spencer et al. (2001),76,15.730,570.000,12.010,
Station 550,2582,1960-01-22,Antarctica,-72.000,154.000,2220.000,Stuart and Heine (1961) as in Spencer et al. (2001),69,15.790,590.000,11.230,
Station 553,2583,1960-01-27,Antarctica,-72.000,156.000,2262.000,Stuart and Heine (1961) as in Spencer et al. (2001),73,15.631,590.000,14.079,
Station 556,2584,1960-01-31,Antarctica,-72.000,159.000,2331.000,Stuart and Heine (1961) as in Spencer et al. (2001),73,15.637,610.000,6.124,
THW2010,62,2011-01-14,Antarctica,-76.952,-121.220,2020.000,Medley et al. (2013),78,62.010,781.000,11.225,
TalDIce ice core,2621,1996-11-01,Antarctica,-72.817,159.183,2315.000,TalDIce ice core,119,314.500,926.283,12.661,70.342
Talyor Dome,2585,1994-01-01,Antarctica,-83.478,138.097,2437.000,personal communication from T. Sowers 1994 as in Spencer et al. (2001),37,335.500,917.230,19.982,71.970
US-ITASE-99-1,15,1999-01-01,Antarctica,-80.620,-122.630,1350.000,US ITASE: Mayewski and Dixon (2013),57,57.500,825.480,10.719,
US-ITASE-99-2,14,1999-01-01,Antarctica,-81.200,-126.170,1040.000,US ITASE: Mayewski and Dixon (2013),48,48.263,852.110,9.676,38.695
USP50_density_106,2612,2016-12-01,Antarctica,-89.540,137.040,,Stevens et al. (2023),99,105.735,808.694,24.582,
USP50_density_nicl,2614,2016-12-01,Antarctica,-89.540,137.040,,Stevens et al. (2023),115,109.642,815.491,22.638,
US_ITASE-00-1 A,17,2000-01-01,Antarctica,-79.383,-111.239,1791.000,US ITASE: Mayewski and Dixon (2013),105,104.763,890.180,10.000,83.796
US_ITASE-00-2 C,21,2000-01-01,Antarctica,-78.733,-111.497,1675.000,US ITASE: Mayewski and Dixon (2013),61,60.679,755.300,11.355,
US_ITASE-00-3 D,22,2000-01-01,Antarctica,-78.433,-115.917,1742.000,US ITASE: Mayewski and Dixon (2013),60,59.827,781.510,9.898,
US_ITASE-00-4 E,25,2000-01-01,Antarctica,-78.083,-120.076,1697.000,US ITASE: Mayewski and Dixon (2013),58,57.797,818.840,9.755,
US_ITASE-00-5 F,30,2000-01-01,Antarctica,-77.683,-123.995,1828.000,US ITASE: Mayewski and Dixon (2013),60,59.310,821.570,10.281,
US_ITASE-00-6 H,23,2000-01-01,Antarctica,-78.332,-124.484,1639.000,US ITASE: Mayewski and Dixon (2013),60,59.910,839.390,10.637,59.843
US_ITASE-00-7 I,19,2000-01-01,Antarctica,-79.133,-122.267,1495.000,US ITASE: Mayewski and Dixon (2013),63,63.119,837.640,11.116,61.592
US_ITASE-01-1,18,2001-01-01,Antarctica,-79.160,-104.967,1842.000,US ITASE: Mayewski and Dixon (2013),72,72.647,817.460,9.412,
US_ITASE-01-2,28,2001-01-01,Antarctica,-77.844,-102.910,1336.000,US ITASE: Mayewski and Dixon (2013),70,70.649,825.100,8.600,
US_ITASE-01-3,24,2001-01-01,Antarctica,-78.120,-95.646,1620.000,US ITASE: Mayewski and Dixon (2013),70,70.447,801.690,9.925,
US_ITASE-01-4,31,2001-01-01,Antarctica,-77.612,-92.248,1483.000,US ITASE: Mayewski and Dixon (2013),68,67.766,821.500,9.068,
US_ITASE-01-5,32,2001-01-01,Antarctica,-77.059,-89.138,1239.000,US ITASE: Mayewski and Dixon (2013),115,114.452,903.400,9.051,84.856
US_ITASE-01-6,33,2001-01-01,Antarctica,-76.097,-89.018,1228.000,US ITASE: Mayewski and Dixon (2013),17,17.566,617.210,8.569,
US_ITASE-02-1,11,2002-01-01,Antarctica,-82.001,-110.008,1746.000,US ITASE: Mayewski and Dixon (2013),63,62.166,821.560,9.155,
US_ITASE-02-2,9,2002-01-01,Antarctica,-83.501,-104.987,1957.000,US ITASE: Mayewski and Dixon (2013),63,61.673,771.610,9.937,
US_ITASE-02-3,7,2002-01-01,Antarctica,-85.001,-104.995,2396.000,US ITASE: Mayewski and Dixon (2013),45,44.929,697.100,11.997,
US_ITASE-02-4,5,2002-01-01,Antarctica,-86.502,-107.990,2586.000,US ITASE: Mayewski and Dixon (2013),72,71.559,753.830,13.819,
US_ITASE-02-5,3,2002-01-01,Antarctica,-88.002,-107.983,2747.000,US ITASE: Mayewski and Dixon (2013),54,54.094,712.040,18.374,
US_ITASE-02-6 (SPRESSO),1,2002-01-01,Antarctica,-89.933,144.394,2808.000,US ITASE: Mayewski and Dixon (2013),138,139.485,876.340,21.495,116.135
US_ITASE-03-1,4,2003-01-01,Antarctica,-86.840,95.310,3124.000,US ITASE: Mayewski and Dixon (2013),19,20.745,560.090,19.251,
US_ITASE-06-1,26,2006-01-01,Antarctica,-77.880,158.458,2365.000,US ITASE: Mayewski and Dixon (2013),108,98.460,937.880,14.656,65.130
US_ITASE-06-2,29,2006-01-01,Antarctica,-77.762,153.381,2277.000,US ITASE: Mayewski and Dixon (2013),105,97.120,896.390,14.287,95.591
US_ITASE-06-3,20,2006-01-01,Antarctica,-79.036,149.680,2241.000,US ITASE: Mayewski and Dixon (2013),104,100.080,868.040,13.804,85.844
US_ITASE-07-1,12,2007-01-01,Antarctica,-81.658,136.084,2450.000,US ITASE: Mayewski and Dixon (2013),49,45.990,813.120,7.943,
US_ITASE-07-2,8,2007-01-01,Antarctica,-84.395,140.631,2645.000,US ITASE: Mayewski and Dixon (2013),52,50.130,770.820,14.912,
US_ITASE-07-3,6,2007-01-01,Antarctica,-85.782,145.719,2817.000,US ITASE: Mayewski and Dixon (2013),43,41.705,726.180,12.866,
US_ITASE-07-4,2,2007-01-01,Antarctica,-88.510,178.531,3090.000,US ITASE: Mayewski and Dixon (2013),103,99.305,849.960,20.169,87.985
Ultra clean snow pit King George Island,4425,1997-12-21,Antarctica,-62.128,-58.611,3.000,Gerhard et al. (2018),25,3.515,693.000,1.419,
Upstream B,2586,1986-01-01,Antarctica,-83.478,-138.097,664.000, Alley (1987) as in Spencer et al. (2001),47,46.500,904.000,11.119,34.375
"Vostok (BH-3, BH-5)",2587,1996-01-01,Antarctica,-78.467,106.800,3502.000,personal communication from T. Sowers 1996 as in Spencer et al. (2001),210,178.850,913.000,28.136,93.800
Vostok_BH3,2619,1991-12-20,Antarctica,-78.466,106.848,,"Fourteau (2019a,b,c)",328,181.300,911.470,30.089,96.097
WDC05A,2622,2005-01-01,Antarctica,-79.463,-112.125,1766.000,WAIS cores,96,96.310,896.000,10.955,76.111
WDC05C,2623,2005-01-01,Antarctica,-79.463,-112.123,1766.000,WAIS cores,69,72.020,824.000,9.916,
WDC05E,2624,2005-01-01,Antarctica,-79.463,-112.125,1766.000,WAIS cores,30,31.110,666.000,11.615,
WDC06A,94,2006-01-01,Antarctica,-79.483,-112.088,,Kreutz et al. (2011),48764,159.997,935.170,7.072,73.773
Wilkins_core_1,1940,2018-12-04,Antarctica,-70.804,-71.714,,Montgomery et al. (2020),107,19.762,1015.247,3.769,14.032
Wilkins_core_2,1941,2018-12-06,Antarctica,-70.804,-71.714,,Montgomery et al. (2020),75,14.533,917.335,1.035,12.348
Wilkins_core_3,1942,2018-12-08,Antarctica,-70.804,-71.714,,Montgomery et al. (2020),188,34.970,998.666,3.963,12.944
d47-asuma,2869,2016-12-31,Antarctica,-67.386,138.724,1548.000,Larue et al. (2021) Picard et al. (2022),71,7.800,568.613,6.338,
iSTAR01,930,2013-11-24,Antarctica,-74.565,-86.913,,Morris et al. (2017),1302,13.210,614.000,5.680,
iSTAR03,931,2013-11-28,Antarctica,-74.111,-89.224,,Morris et al. (2017),1309,13.270,630.000,5.010,
iSTAR04,932,2013-12-01,Antarctica,-75.319,-90.524,,Morris et al. (2017),1310,13.330,620.000,6.290,
iSTAR05,933,2013-12-02,Antarctica,-75.431,-92.060,,Morris et al. (2017),1296,13.145,630.000,5.255,
iSTAR06,934,2013-12-04,Antarctica,-75.456,-93.718,,Morris et al. (2017),1293,13.115,617.000,6.045,
iSTAR07,935,2013-12-08,Antarctica,-75.440,-94.460,,Morris et al. (2017),1306,13.270,620.000,7.060,
iSTAR08,936,2013-12-12,Antarctica,-75.090,-95.090,,Morris et al. (2017),1304,13.220,643.000,7.070,
iSTAR09,937,2013-12-14,Antarctica,-74.956,-94.631,,Morris et al. (2017),1315,13.360,625.000,6.880,
iSTAR10,938,2013-12-04,Antarctica,-74.442,-93.448,,Morris et al. (2017),1277,13.000,625.000,6.800,
iSTAR11,939,2013-12-16,Antarctica,-74.620,-92.700,,Morris et al. (2017),1293,13.155,634.000,6.325,
iSTAR12,940,2013-12-16,Antarctica,-74.998,-93.930,,Morris et al. (2017),1326,13.460,626.000,6.900,
iSTAR13,941,2013-12-20,Antarctica,-75.670,-94.690,,Morris et al. (2017),1309,13.245,616.000,7.265,
iSTAR14,942,2013-12-20,Antarctica,-75.805,-94.231,,Morris et al. (2017),1319,13.380,630.000,6.290,
iSTAR15,943,2013-12-24,Antarctica,-75.750,-96.730,,Morris et al. (2017),1324,13.420,616.000,5.360,
iSTAR16,944,2013-12-26,Antarctica,-76.926,-96.898,,Morris et al. (2017),1324,13.425,618.000,6.295,
iSTAR17,945,2013-12-28,Antarctica,-75.740,-97.930,,Morris et al. (2017),1334,13.500,628.000,5.590,
iSTAR18,946,2013-12-31,Antarctica,-75.617,-99.073,,Morris et al. (2017),1324,13.420,631.000,5.330,
iSTAR19,947,2014-01-04,Antarctica,-75.803,-99.048,,Morris et al. (2017),1326,13.480,643.000,5.310,
iSTAR20,948,2014-01-04,Antarctica,-76.404,-99.828,,Morris et al. (2017),1309,13.290,614.000,6.310,
iSTAR21,949,2014-01-04,Antarctica,-76.224,-100.770,,Morris et al. (2017),1341,13.560,621.000,5.020,
iSTAR22,950,2014-01-08,Antarctica,-75.804,-100.280,,Morris et al. (2017),1318,13.415,628.000,4.945,
stop4a-asuma,2882,2016-12-24,Antarctica,-69.787,141.975,,Larue et al. (2021) Picard et al. (2022),85,8.225,572.984,8.002,
,91,2004-01-01,Antarctica,-80.790,124.435,,Albert et al. (2007),65,1.995,550.000,0.645,
,627,1997-01-01,Antarctica,-79.354,-160.323,,Conway et al. (2003),52,16.090,639.000,8.235,
,628,1997-01-01,Antarctica,-79.486,-161.064,,Conway et al. (2003),52,16.700,630.000,9.140,
,629,1997-01-01,Antarctica,-79.572,-161.567,,Conway et al. (2003),56,16.860,626.000,9.415,
,808,1995-05-18,Antarctica,-70.600,-8.300,35.000,"Graf et al. (2002a,b,c,d,e,f,g,h,i,j,k,l,m,n,o)",516,6.440,572.500,5.224,
,1685,1971-05-16,Antarctica,-70.330,43.100,,Watanabe et al. (1970),19,1.910,550.000,1.100,
,1687,1970-12-20,Antarctica,-69.808,42.933,,Watanabe et al. (1970),19,1.805,590.000,0.495,
,1690,1971-08-20,Antarctica,-69.202,42.533,,Watanabe et al. (1970),19,1.890,560.000,0.759,
,1691,1971-01-01,Antarctica,-69.115,42.483,,Watanabe et al. (1970),19,1.955,570.000,1.631,
,1692,1971-01-01,Antarctica,-69.078,41.117,,Watanabe et al. (1970),22,2.120,570.000,1.238,
,1695,1971-07-12,Antarctica,-69.052,40.667,,Watanabe et al. (1970),17,1.925,560.000,1.660,
,1696,1971-01-01,Antarctica,-69.033,40.047,,Watanabe et al. (1970),15,1.860,570.000,0.758,
,1711,2004-01-12,Antarctica,-80.775,124.526,,Courville et al. (2007),67,1.995,550.000,0.645,
,1713,2004-01-01,Antarctica,-80.780,124.500,,Severinghaus et al. (2010),45,34.819,695.163,16.707,
,1937,2001-01-01,Antarctica,-90.000,0.000,,Cole et al. (2004),4747,122.890,871.000,20.889,105.800
,1938,1998-01-01,Antarctica,-77.583,162.500,,Mayewski et al. (1998),60,129.095,921.000,7.542,39.640
1D (3001),2020,1981-01-01,Greenland,64.850,-43.347,2708.000,van der Veen et al. (2001),88,8.655,806.000,2.465,
2009S2_Keegan,2487,2009-06-01,Greenland,77.450,-51.060,2460.000,Baker et al. (2009),667,77.210,860.000,13.820,65.280
2016_DYE-2 Pit 02,2139,2016-04-28,Greenland,66.482,-46.291,2165.000,GEUS snow and firn data (2023),39,3.180,747.269,0.344,
2016_DYE-2 Pit 03,2140,2016-05-02,Greenland,66.482,-46.291,2165.000,GEUS snow and firn data (2023),20,1.050,747.280,0.884,
2016_KANU Pit 04,2728,2016-04-27,Greenland,66.991,-47.025,,GEUS snow and firn data (2023),8,0.830,639.265,0.608,
2018-CP-30m,2595,2018-05-21,Greenland,69.877,-47.011,,Harper and Humphrey (2023),130,30.020,999.700,15.904,10.799
2018-T5-30m,2596,2018-05-27,Greenland,69.848,-47.274,,Harper and Humphrey (2023),130,30.570,999.700,12.509,8.535
2019-T2-32m,2598,2019-05-19,Greenland,69.757,-47.880,,Harper and Humphrey (2023),173,32.385,1326.100,3.778,11.516
2019-T2minus-32m,2597,2019-05-19,Greenland,69.754,-47.912,,Harper and Humphrey (2023),175,32.385,1050.700,3.172,18.770
2019-T3-32m,2599,2019-05-19,Greenland,69.782,-47.668,,Harper and Humphrey (2023),175,32.110,1006.500,5.791,9.132
2019-T4-32m,2600,2019-05-28,Greenland,69.820,-47.450,,Harper and Humphrey (2023),166,32.090,1207.800,7.713,13.480
2022-T3-15m,2590,2022-06-02,Greenland,69.781,-47.677,,Harper and Humphrey (2022),121,15.935,1197.000,10.022,7.034
2022-T3-25m,2591,2022-06-01,Greenland,69.780,-47.677,,Harper and Humphrey (2022),173,25.705,986.000,2.681,8.425
2022-T3-6m,2592,2022-05-30,Greenland,69.783,-47.668,,Harper and Humphrey (2022),43,6.710,933.000,3.738,3.501
2022-T3-7m,2593,2022-06-05,Greenland,69.781,-47.677,,Harper and Humphrey (2022),51,6.580,966.000,6.291,5.203
2022-T4-25m,2594,2022-06-07,Greenland,69.820,-47.451,,Harper and Humphrey (2022),176,25.580,1000.000,6.671,16.273
2023-CP-11m,2860,2023-06-09,Greenland,69.875,-47.007,,Harper and Humphrey (2023),62,11.320,795.647,5.012,
2023-CP-25m,2861,2023-05-26,Greenland,69.876,-47.006,,Harper and Humphrey (2023),149,25.270,986.059,14.074,3.525
2023-T4-10m,2862,2023-06-07,Greenland,69.820,-47.453,,Harper and Humphrey (2023),71,11.035,856.851,7.069,4.984
2023-T5-25m,2863,2023-05-29,Greenland,69.848,-47.274,,Harper and Humphrey (2023),160,25.945,892.553,6.987,10.781
8D (3008),2021,1981-01-01,Greenland,64.850,-43.347,2708.000,van der Veen et al. (2001),159,18.190,860.000,8.973,9.007
ACT10A,2489,2010-01-01,Greenland,65.697,-41.481,,Miège et al. (2013),48,46.155,856.053,7.288,40.096
ACT10B,2490,2010-01-01,Greenland,65.775,-41.867,,Miège et al. (2013),50,50.580,765.670,10.508,
ACT10C,2491,2010-01-01,Greenland,66.000,-42.783,,Miège et al. (2013),50,48.585,750.862,9.098,
ACT11A,2493,2011-01-01,Greenland,66.184,-39.078,,Miège et al. (2013),24,24.495,795.668,4.807,
ACT11A2,2492,2011-01-01,Greenland,66.179,-39.020,,Miège et al. (2013),10,9.630,648.085,5.403,
ACT11B,2494,2011-01-01,Greenland,66.217,-39.566,,Miège et al. (2013),60,60.365,843.216,3.209,58.646
ACT11C,2495,2011-01-01,Greenland,66.291,-40.746,,Miège et al. (2013),60,60.932,787.709,3.486,
ACT11D,2496,2011-01-01,Greenland,66.479,-46.310,,Miège et al. (2013),59,58.925,889.193,6.190,54.187
BPRC_1993,2000,1993-01-01,Greenland,65.293,-45.834,,BPRC 1993 in Jezek (2012),212,11.425,901.925,7.817,4.706
CP1_CP1 (Core 1),2181,2021-06-17,Greenland,69.878,-46.997,2022.000,GEUS snow and firn data (2023),4,1.220,897.000,0.638,1.038
CP_2007,2243,2007-01-01,Greenland,69.900,-47.000,2000.000,Porter and Mosley-Thompson (2014),242,151.912,916.320,12.709,80.138
Camp Century,2500,1963-01-01,Greenland,77.183,-61.167,1886.000,Kovacs et al. (1969) as in Spencer et al. (2001),113,214.550,916.000,12.350,72.100
Camp Century (Core B62),2602,2017-07-28,Greenland,77.171,-61.078,1887.000,"Colgan et al. (2018), Colgan (2021)",558,62.250,836.763,11.262,48.667
Camp_VI_1959,925,1959-05-18,Greenland,69.700,-48.267,1598.000,Renaud et al. (1959),19,40.000,780.000,4.649,
Carrefour 1967,2001,1967-07-01,Greenland,69.824,-47.432,1850.000,Ambach 1970,19,19.160,610.000,7.155,
DYE-2,2601,2019-05-18,Greenland,66.481,-46.280,2100.000,GEUS snow and firn data (2023),308,30.250,874.000,14.960,20.967
Dye 2 (Raven) Core A,2222,1998-05-13,Greenland,66.478,-46.285,2119.000,Mosley-Thompson et al. (2001),100,119.635,916.870,4.458,58.339
Dye 2 (Raven) Core B,2223,1998-05-12,Greenland,66.478,-46.285,2119.000,Mosley-Thompson et al. (2001),20,19.560,672.790,8.068,
Dye3-11B-1984,2506,1983-01-01,Greenland,65.183,-43.833,2479.000,"Clausen H.B., pers. comm. as in Spencer et al. (2001)",43,24.475,634.000,11.825,
Dye3-15B-1984,2507,1983-01-01,Greenland,65.183,-43.833,2479.000,"Clausen H.B., pers. comm. as in Spencer et al. (2001)",44,24.475,647.000,13.082,
Dye3-16C-1984,2508,1983-01-01,Greenland,65.183,-43.833,2479.000,"Clausen H.B., pers. comm. as in Spencer et al. (2001)",43,24.475,647.000,15.361,
Dye3-4B-1983,2509,1983-01-01,Greenland,65.183,-43.833,2479.000,"Clausen H.B., pers. comm. as in Spencer et al. (2001)",162,172.950,913.000,11.062,75.628
Dye3-5B-1984,2510,1983-01-01,Greenland,65.183,-43.833,2479.000,"Clausen H.B., pers. comm. as in Spencer et al. (2001)",44,24.475,662.000,11.159,
Dye3-9B-1984,2511,1983-01-01,Greenland,65.183,-43.833,2479.000,"Clausen H.B., pers. comm. as in Spencer et al. (2001)",44,24.475,653.000,10.175,
Dye3-station1-1983,2512,1983-01-01,Greenland,65.183,-43.833,2479.000,"Clausen H.B., pers. comm. as in Spencer et al. (2001)",29,26.695,640.000,12.365,
EastGRIP,2588,2012-06-01,Greenland,75.623,-35.960,2702.000,Vallelonga et al. (2014),113,66.280,839.476,18.366,65.329
EastGRIP Main Core,2864,2016-06-01,Greenland,75.630,-36.000,2704.000,Rasmussen et al. (2023),154,116.875,910.800,18.124,62.299
Eismitte,2513,1954-01-01,Greenland,71.183,-39.933,3000.000,Bader (1954) as in Spencer et al. (2001),16,14.500,560.000,14.125,
Eismitte_1931-01-22,2350,1931-01-22,Greenland,71.183,-39.933,3010.000,Sorge et al. (1935) as in Abermann et al. (2023),3,8.415,598.600,8.273,
Eismitte_1931-03-04,2355,1931-03-04,Greenland,71.183,-39.933,3010.000,Sorge et al. (1935) as in Abermann et al. (2023),2,12.970,559.500,12.921,
Eismitte_1931-04-23,2363,1931-04-23,Greenland,71.183,-39.933,3010.000,Sorge et al. (1935) as in Abermann et al. (2023),3,14.200,551.400,14.023,
FA13A,2497,2013-01-01,Greenland,66.181,-39.044,,Miège et al. (2013),257,50.785,985.378,6.073,25.122
FA13B,57,2013-04-08,Greenland,66.181,-39.043,1563.000,Koenig et al. (2014),170,31.675,945.130,5.116,24.953
FA14,2498,2014-01-01,Greenland,66.181,-39.044,,Miège et al. (2013),34,8.060,822.962,4.986,
FS2_12m,2607,2021-04-28,Greenland,66.986,-47.238,1765.000,Clerx et al. (2022),54,12.310,1087.656,6.193,6.150
FS4_20m,2603,2021-04-21,Greenland,67.011,-46.817,1894.000,Clerx et al. (2022),183,21.155,1096.180,9.630,5.480
FS4_5m,2604,2021-04-22,Greenland,67.011,-46.817,1894.000,Clerx et al. (2022),48,5.020,927.921,3.140,4.123
FS5_20m,2605,2021-05-04,Greenland,67.010,-46.465,1977.000,Clerx et al. (2022),236,20.745,942.019,8.019,11.193
FS5_5m,2606,2021-05-04,Greenland,67.010,-46.465,1976.000,Clerx et al. (2022),46,5.445,907.279,4.708,4.749
GC-Net_CEN2 (Therm Core),2193,2022-06-17,Greenland,77.182,-61.115,1891.000,GEUS snow and firn data (2023),46,10.235,702.007,2.010,
GC-Net_CEN_core,2840,2024-05-15,Greenland,77.182,-61.116,1893.000,GEUS snow and firn data (2023),38,10.325,643.243,9.444,
GC-Net_CEN_snowpit,2841,2024-05-15,Greenland,77.182,-61.116,1893.000,GEUS snow and firn data (2023),15,1.450,553.000,1.404,
GC-Net_CP1 (Mast Core),2191,2022-06-15,Greenland,69.872,-47.038,1932.000,GEUS snow and firn data (2023),15,2.520,657.869,1.233,
GC-Net_CP1 (Therm Core),2785,2022-06-15,Greenland,69.872,-47.038,1932.000,GEUS snow and firn data (2023),38,10.575,904.157,4.391,6.420
GC-Net_CP1_2023_core,2214,2023-06-19,Greenland,69.872,-47.038,1932.000,GEUS snow and firn data (2023),46,10.190,629.586,6.326,
GC-Net_CP1_core,2835,2024-05-25,Greenland,69.871,-47.043,1948.000,GEUS snow and firn data (2023),29,10.062,611.130,8.271,
GC-Net_CP1_snowpit,2836,2024-05-25,Greenland,69.871,-47.043,1948.000,GEUS snow and firn data (2023),14,1.390,700.000,1.300,
GC-Net_DY2_2023_core,2211,2023-06-14,Greenland,66.482,-46.291,2165.000,GEUS snow and firn data (2023),68,10.210,836.631,9.125,7.915
GC-Net_DY2_S1_core,2829,2024-05-20,Greenland,66.483,-46.294,,GEUS snow and firn data (2023),41,9.905,805.459,6.515,
GC-Net_DY2_S2_core,2830,2024-05-27,Greenland,66.483,-46.294,,GEUS snow and firn data (2023),38,10.178,879.170,3.128,8.998
GC-Net_DYE-2 (Therm Core),2192,2022-06-15,Greenland,66.482,-46.291,2165.000,GEUS snow and firn data (2023),47,9.473,890.744,4.871,8.540
GC-Net_EGP_snowpit_2,2847,2024-06-17,Greenland,75.628,-35.968,2669.000,GEUS snow and firn data (2023),13,1.150,556.000,0.270,
GC-Net_HUM_core,2842,2024-05-21,Greenland,78.529,-56.845,1969.000,GEUS snow and firn data (2023),47,10.380,655.055,9.321,
GC-Net_KAN_U_2023_core,2206,2023-06-08,Greenland,67.001,-47.034,1838.000,GEUS snow and firn data (2023),49,10.150,1131.521,6.463,5.890
GC-Net_KAN_U_snowpit,2839,2024-05-27,Greenland,67.001,-47.035,1840.000,GEUS snow and firn data (2023),12,1.150,571.429,0.674,
GC-Net_NAE_2023_core,2216,2023-06-23,Greenland,75.002,-29.980,2628.000,GEUS snow and firn data (2023),37,9.970,592.126,9.053,
GC-Net_NASA-E (Therm Core),2777,2022-05-26,Greenland,75.002,-29.980,2629.000,GEUS snow and firn data (2023),34,10.310,560.000,9.279,
GC-Net_NAU_2023_core,2218,2023-06-18,Greenland,73.841,-49.534,2339.000,GEUS snow and firn data (2023),29,10.240,551.754,8.350,
GC-Net_NEM_core,2844,2024-05-16,Greenland,77.441,-51.084,2454.000,GEUS snow and firn data (2023),40,11.070,625.427,9.499,
GC-Net_NSE_2023_core,2207,2023-06-09,Greenland,66.478,-42.493,2389.000,GEUS snow and firn data (2023),30,9.935,624.347,6.872,
GC-Net_NSE_S1_core,2827,2024-05-21,Greenland,66.478,-42.493,,GEUS snow and firn data (2023),30,10.482,630.429,7.797,
GC-Net_SDL_2023_core,2210,2023-06-15,Greenland,66.000,-44.503,2473.000,GEUS snow and firn data (2023),44,9.880,605.948,7.403,
GC-Net_SDL_S1_core,2837,2024-05-24,Greenland,66.000,-44.502,,GEUS snow and firn data (2023),35,12.537,720.684,12.371,
GC-Net_SDM_2023_core,2208,2023-06-11,Greenland,63.149,-44.817,2896.000,GEUS snow and firn data (2023),34,9.995,803.496,8.745,
GC-Net_SDM_S2_core,2833,2024-05-24,Greenland,63.149,-44.817,2895.000,GEUS snow and firn data (2023),29,10.175,559.667,9.756,
GC-Net_Summit,2048,1999-05-12,Greenland,72.580,-38.505,3254.000,GEUS snow and firn data (2023),58,1.750,986.000,1.281,0.491
GC-Net_TUN_2023_core,2220,2023-06-20,Greenland,78.019,-33.963,2079.000,GEUS snow and firn data (2023),37,9.395,550.843,9.084,
GC-Net_Tunu-N (Therm Core),2780,2022-05-27,Greenland,78.019,-33.963,2079.000,GEUS snow and firn data (2023),33,9.875,723.689,5.419,
GITS_core_1_1996,2233,1996-05-10,Greenland,77.143,-61.095,1887.000,Mosley-Thompson et al. (2001),21,21.365,604.939,14.808,
GITS_core_2_1996,2234,1996-05-10,Greenland,77.143,-61.095,1887.000,Mosley-Thompson et al. (2001),117,119.045,897.759,14.251,83.311
GRIP,2503,1990-01-01,Greenland,72.567,-37.617,3230.000," Johnsen, S. pers. comm. as in Spencer et al. (2001)",74,81.805,838.850,16.435,80.730
GlacioBasis_ZAC-L,2113,2014-04-19,Greenland,74.624,-21.374,694.000,GEUS snow and firn data (2023),45,1.990,900.000,1.899,1.972
GlacioBasis_ZAC-U,2127,2014-04-21,Greenland,74.643,-21.463,920.000,GEUS snow and firn data (2023),35,1.715,1012.000,1.158,1.496
GrIT_20110424,109,2011-04-24,Greenland,76.405,-67.306,,Hawley et al. (2014),19,3.700,674.620,3.314,
GrIT_20110424,113,2011-04-24,Greenland,76.443,-67.008,,Hawley et al. (2014),20,3.950,767.880,3.056,
GrIT_20110424,114,2011-04-24,Greenland,76.477,-66.080,,Hawley et al. (2014),14,2.800,574.093,2.136,
GrIT_20110430,123,2011-04-30,Greenland,77.265,-58.528,,Hawley et al. (2014),35,6.700,554.715,5.340,
GrIT_20110508,116,2011-05-08,Greenland,76.500,-43.732,2803.000,Hawley et al. (2014),35,10.075,612.851,8.694,
GrIT_20110512,102,2011-05-12,Greenland,74.422,-39.294,,Hawley et al. (2014),40,9.630,551.323,1.899,
GrIT_20110528,127,2011-05-28,Greenland,77.371,-55.927,,Hawley et al. (2014),42,10.130,589.112,7.796,
Humboldt-E,2238,1995-05-01,Greenland,78.598,-55.699,2045.000,Mosley-Thompson et al. (2001),20,18.869,605.800,14.125,
Humboldt-M,2236,1995-05-01,Greenland,78.527,-56.830,1995.000,Mosley-Thompson et al. (2001),124,138.654,902.000,16.593,63.973
Humboldt-M2,2237,1995-05-01,Greenland,78.527,-56.830,1995.000,Mosley-Thompson et al. (2001),22,18.733,589.600,16.097,
Humboldt-N,2239,1995-05-01,Greenland,78.751,-56.830,1905.000,Mosley-Thompson et al. (2001),21,19.916,568.200,15.685,
Humboldt-S,2240,1995-05-01,Greenland,78.315,-56.826,2058.000,Mosley-Thompson et al. (2001),21,19.944,592.300,13.910,
Humboldt-W,2241,1995-05-01,Greenland,78.452,-57.958,1924.000,Mosley-Thompson et al. (2001),21,19.404,734.300,13.213,
Inge Lehmann,2514,1973-01-01,Greenland,77.950,-39.183,2407.000,Gow (1973) as in Spencer et al. (2001),19,58.500,836.000,15.712,58.500
L1 (1001),2013,1981-01-01,Greenland,65.388,-46.326,2029.000,van der Veen et al. (2001),171,19.925,1315.000,6.233,10.843
L2 (12.18),2014,1981-01-01,Greenland,65.388,-46.327,2184.000,van der Veen et al. (2001),186,20.075,1016.000,10.286,12.811
L5 (15.12),2015,1981-01-01,Greenland,65.388,-46.327,1967.000,van der Veen et al. (2001),202,20.640,1026.000,6.941,6.048
NASA-U_Henderson,2242,1995-05-20,Greenland,73.842,-49.498,2369.000,Mosley-Thompson et al. (2001),143,149.812,899.745,14.748,80.895
NEEM07S3,2485,2007-06-01,Greenland,77.450,-51.060,2460.000,Steen-Larsen et al. (2011),143,80.025,861.840,15.205,76.728
NEEM2009S2_Baker,133,2009-01-01,Greenland,77.450,-51.060,,Baker et al. (2009),51,75.030,816.000,18.456,
NEEM2011S1,2486,2011-06-01,Greenland,77.450,-51.060,2460.000,Sigl et al. (2013),162,184.800,922.816,15.035,73.613
NG2012,2488,2012-06-01,Greenland,75.017,-42.533,2917.000,Freitag et al. (2021)               ,3388,16.955,572.086,16.166,
NGRIP_1999,2589,1999-07-01,Greenland,75.100,-42.320,2917.000,Vallelonga et al. (2014),121,69.850,816.179,17.738,
NSE_NSE (Core 1),2185,2021-06-19,Greenland,66.498,-49.682,2360.000,GEUS snow and firn data (2023),5,1.465,575.000,0.967,
NSE_NSE (Core 2),2769,2021-06-19,Greenland,66.498,-49.682,2360.000,GEUS snow and firn data (2023),3,1.435,572.000,1.085,
Nanok_PIT 01,2196,2022-04-19,Greenland,65.536,-38.967,750.000,GEUS snow and firn data (2023),6,0.500,800.000,0.170,
Nanok_PIT 08,2203,2022-05-06,Greenland,66.324,-45.742,2238.000,GEUS snow and firn data (2023),8,0.685,800.000,0.369,
PARCA_6345_1998,66,1998-05-01,Greenland,63.800,-45.000,2730.000,Mosley-Thompson et al. (2001),16,14.325,580.982,11.841,
PARCA_6348_1998,64,1998-05-01,Greenland,63.000,-48.000,1960.000,Mosley-Thompson et al. (2001),16,14.500,777.586,4.851,
PARCA_6642B_1998,68,1998-05-01,Greenland,66.500,-42.500,2380.000,Mosley-Thompson et al. (2001),27,20.125,608.550,10.965,
PARCA_6745_1998,69,1998-05-01,Greenland,67.500,-45.000,2250.000,Mosley-Thompson et al. (2001),14,12.105,584.800,10.431,
PARCA_6841_1998,70,1998-05-01,Greenland,68.000,-41.000,2640.000,Mosley-Thompson et al. (2001),13,11.740,557.739,11.411,
PARCA_6938_1998,73,1998-05-01,Greenland,69.000,-38.000,2920.000,Mosley-Thompson et al. (2001),14,11.740,554.800,11.536,
PARCA_6943_1998,74,1998-05-01,Greenland,69.200,-43.000,2500.000,Mosley-Thompson et al. (2001),21,17.268,596.400,11.607,
PARCA_6945_1998,72,1998-05-01,Greenland,69.000,-45.000,2150.000,Mosley-Thompson et al. (2001),26,18.020,597.900,9.962,
PARCA_7145_1998,80,1998-05-01,Greenland,71.500,-45.000,2615.000,Mosley-Thompson et al. (2001),12,11.540,552.443,11.384,
PARCA_7147_1997,78,1997-05-01,Greenland,71.050,-47.230,2134.000,Mosley-Thompson et al. (2001),21,19.450,622.100,9.935,
PARCA_7247_1997,81,1997-05-01,Greenland,71.926,-47.487,2277.000,Mosley-Thompson et al. (2001),18,19.588,601.700,12.301,
PARCA_7249_1998,83,1998-05-01,Greenland,72.200,-49.400,2170.000,Mosley-Thompson et al. (2001),24,14.785,571.705,11.455,
PARCA_7345_1998,85,1998-05-01,Greenland,73.000,-45.000,2815.000,Mosley-Thompson et al. (2001),25,14.065,555.795,13.379,
PARCA_7551_1997,87,1997-05-01,Greenland,75.000,-51.000,2200.000,Mosley-Thompson et al. (2001),20,20.650,610.900,12.010,
PARCA_7653B_1997,90,1997-05-01,Greenland,76.000,-53.000,2200.000,Mosley-Thompson et al. (2001),27,13.475,599.700,12.715,
PARCA_NASAEASTA_1997,89,1997-05-01,Greenland,75.000,-30.000,2631.000,Mosley-Thompson et al. (2001),30,19.935,593.100,11.906,
PARCA_NDYE3A&B_1997,67,1997-05-01,Greenland,66.000,-44.501,2640.000,Mosley-Thompson et al. (2001),42,18.635,610.600,5.756,
PARCA_SDOMEA_1997,65,1997-05-01,Greenland,63.149,-44.817,2850.000,Mosley-Thompson et al. (2001),66,24.150,624.500,9.248,
PARCA_STUNUA_1997,76,1997-05-01,Greenland,69.500,-34.500,2650.000,Mosley-Thompson et al. (2001),62,20.310,605.000,12.683,
PROMICE_0-6_new,2177,2018-05-23,Greenland,76.368,-68.011,810.000,GEUS snow and firn data (2023),90,8.835,844.106,3.948,7.868
SDM_SDM (Core 1),2186,2021-06-21,Greenland,63.149,-44.817,2896.000,GEUS snow and firn data (2023),5,1.770,654.000,0.974,
SE-Dome II (X-ray),2609,2021-06-01,Greenland,67.190,-36.470,3160.000,Kawakami et al. (2023),229914,252.056,959.110,11.120,87.454
SE-Dome II (bulk),2608,2021-06-01,Greenland,67.190,-36.470,3160.000,Kawakami et al. (2023),552,250.740,965.600,10.217,160.208
Site 13,2022,1987-01-01,Greenland,72.886,-38.843,3209.000,van der Veen et al. (2001),303,16.190,602.200,13.800,
Site 15,2023,1987-01-01,Greenland,72.981,-36.296,3229.000,van der Veen et al. (2001),313,16.615,595.680,14.158,
Site 2,2570,1965-01-01,Greenland,76.983,-56.067,2000.000,Langway (1967) as in Spencer et al. (2001),150,276.500,916.800,11.818,73.299
Site 31,2024,1987-01-01,Greenland,72.349,-39.786,3151.000,van der Veen et al. (2001),309,16.425,591.200,14.779,
Site 37,2025,1987-01-01,Greenland,72.641,-34.055,3217.000,van der Veen et al. (2001),265,14.175,550.800,12.987,
Site 51,2027,1987-01-01,Greenland,71.927,-38.165,3150.000,van der Veen et al. (2001),311,16.480,626.270,13.853,
Site 57,2028,1987-01-01,Greenland,71.921,-34.040,3149.000,van der Veen et al. (2001),202,10.985,743.580,7.579,
Site 571,2029,1987-01-01,Greenland,72.212,-34.332,3149.000,van der Veen et al. (2001),278,14.800,563.650,12.878,
Site 73,2030,1987-01-01,Greenland,71.602,-37.864,3218.000,van der Veen et al. (2001),320,16.905,583.860,14.875,
Site A,2561,1987-01-01,Greenland,70.750,-35.958,3145.000, Alley (1987) as in Spencer et al. (2001),109,108.500,881.000,14.500,81.167
"Site A, (Crete)",2562,1988-01-01,Greenland,70.635,-35.820,3092.000,Clausen et al. (1988) as in Spencer et al. (2001),228,128.385,906.000,14.758,75.955
Site B,2563,1988-01-01,Greenland,70.659,-35.479,3138.000,Clausen et al. (1988) as in Spencer et al. (2001),164,105.160,894.000,16.965,77.726
Site C,2564,1988-01-01,Greenland,70.677,-35.787,3072.000,Clausen et al. (1988) as in Spencer et al. (2001),44,24.475,614.000,15.675,
Site D,2565,1988-01-01,Greenland,70.640,-35.618,3018.000,Clausen et al. (1988) as in Spencer et al. (2001),164,99.590,869.000,14.025,75.618
Site E,2566,1988-01-01,Greenland,71.759,-35.851,3087.000,Clausen et al. (1988) as in Spencer et al. (2001),134,77.225,856.000,16.225,68.697
Site F,2567,1988-01-01,Greenland,71.492,-35.881,3092.000,Clausen et al. (1988) as in Spencer et al. (2001),46,25.500,626.000,16.225,
Site G,2568,1988-01-01,Greenland,71.155,-35.838,3098.000,Clausen et al. (1988) as in Spencer et al. (2001),123,70.290,805.000,15.125,
Site H,2569,1988-01-01,Greenland,70.865,-35.838,3102.000,Clausen et al. (1988) as in Spencer et al. (2001),47,26.020,632.000,15.125,
Site J,2331,1989-06-01,Greenland,66.870,-46.260,2030.000,Kameda et al. (1995),634,206.505,956.694,8.062,52.603
Summit,2026,1987-01-01,Greenland,72.294,-36.078,3263.000,van der Veen et al. (2001),342,16.280,559.980,15.449,
Summit_EUROCORE,2618,1989-06-01,Greenland,72.580,-37.640,,"Fourteau (2019a,b,c)",202,89.870,873.330,17.663,73.887
SwissCamp_Swiss Camp PIT 01,2178,2018-05-05,Greenland,69.555,-49.365,1170.000,GEUS snow and firn data (2023),21,1.676,789.200,0.645,
SwissCamp_Swiss Camp PIT 03,2179,2011-05-11,Greenland,69.555,-49.365,1170.000,GEUS snow and firn data (2023),18,1.508,772.000,0.450,
T05_2006_Aug,2275,2006-08-13,Greenland,69.851,-47.250,1940.000,Morris and Wingham (2014),888,8.880,859.198,7.886,8.705
T09_2006_Aug,2276,2006-08-12,Greenland,70.020,-46.310,2144.000,Morris and Wingham (2014),801,8.010,626.229,6.526,
T12_2004_Apr,2282,2004-04-23,Greenland,70.176,-45.340,2348.000,Morris and Wingham (2014),1308,13.080,615.240,12.066,
T12_2006_May,2259,2006-05-07,Greenland,70.176,-45.340,2348.000,Morris and Wingham (2014),712,7.120,627.546,5.845,
T15 1959,2002,1959-06-02,Greenland,70.303,-44.570,2491.000,Renaud et al. (1959),22,19.800,612.000,10.410,
T15_2004_Apr,2283,2004-04-25,Greenland,70.303,-44.570,2491.000,Morris and Wingham (2014),1236,12.355,609.464,8.773,
T15_2006_Aug,2266,2006-08-09,Greenland,70.303,-44.570,2491.000,Morris and Wingham (2014),980,9.790,696.960,6.170,
T15_2006_May,2260,2006-05-12,Greenland,70.303,-44.570,2491.000,Morris and Wingham (2014),999,9.980,711.140,7.396,
T19_2004_Apr,2284,2004-04-30,Greenland,70.470,-43.560,2659.000,Morris and Wingham (2014),1306,13.050,587.724,10.572,
T19_2006_Aug,2267,2006-08-08,Greenland,70.470,-43.560,2659.000,Morris and Wingham (2014),1015,10.300,596.750,7.900,
T19_2006_May,2261,2006-05-15,Greenland,70.470,-43.560,2659.000,Morris and Wingham (2014),1043,10.420,592.835,9.080,
T21_2004_May,2285,2004-05-04,Greenland,70.544,-43.020,2737.000,Morris and Wingham (2014),1415,14.150,590.706,11.224,
T21_2004_May_a,2292,2004-05-12,Greenland,70.544,-43.020,2737.000,Morris and Wingham (2014),1253,12.530,592.032,11.252,
T21_2004_Sep,2255,2004-09-12,Greenland,70.544,-43.020,2737.000,Morris and Wingham (2014),8258,10.170,586.608,8.942,
T21_2006_Aug,2268,2006-08-07,Greenland,70.544,-43.020,2737.000,Morris and Wingham (2014),686,6.860,555.463,5.887,
T21_2006_Aug_a,2277,2006-08-06,Greenland,70.544,-43.020,2737.000,Morris and Wingham (2014),782,7.820,562.059,7.548,
T21_2010_Jul,2304,2010-07-01,Greenland,70.544,-43.020,2737.000,Morris and Wingham (2014),536,5.360,577.841,4.909,
T21_2010_Jun,2305,2010-06-30,Greenland,70.544,-43.020,2737.000,Morris and Wingham (2014),521,5.210,574.301,3.579,
T21_2011_Aug,2293,2011-08-01,Greenland,70.544,-43.020,2737.000,Morris and Wingham (2014),475,4.740,586.393,3.698,
T21_2011_Jul,2294,2011-07-31,Greenland,70.544,-43.020,2737.000,Morris and Wingham (2014),331,3.310,555.262,3.291,
T23_2004_May,2286,2004-05-14,Greenland,70.625,-42.580,2794.000,Morris and Wingham (2014),1306,13.060,595.813,11.252,
T23_2011_Jul,2295,2011-07-30,Greenland,70.625,-42.580,2794.000,Morris and Wingham (2014),298,2.980,551.058,2.517,
T27_2004_May,2287,2004-05-16,Greenland,70.775,-41.540,2913.000,Morris and Wingham (2014),1246,12.460,591.442,11.128,
T27_2010_Jun,2307,2010-06-25,Greenland,70.775,-41.540,2913.000,Morris and Wingham (2014),461,4.610,557.541,4.594,
T27_2011_Jul,2296,2011-07-28,Greenland,70.775,-41.540,2913.000,Morris and Wingham (2014),372,3.720,554.875,3.682,
T31_1959,926,1959-06-12,Greenland,70.909,-40.640,3008.000,Renaud et al. (1959),37,30.375,658.000,11.654,
T31_2004_May,2288,2004-05-18,Greenland,70.909,-40.640,3008.000,Morris and Wingham (2014),1270,12.700,567.769,12.415,
T31_2006_May,2262,2006-05-20,Greenland,70.909,-40.640,3008.000,Morris and Wingham (2014),774,7.784,567.523,7.527,
T31_2010_Jun,2308,2010-06-23,Greenland,70.909,-40.640,3008.000,Morris and Wingham (2014),592,5.920,550.079,5.874,
T31_2011_Jul,2297,2011-07-27,Greenland,70.909,-40.640,3008.000,Morris and Wingham (2014),532,5.310,575.831,4.606,
T35_2004_May,2289,2004-05-20,Greenland,70.976,-39.550,3096.000,Morris and Wingham (2014),1228,12.280,558.267,11.660,
T35_2006_Jul,2272,2006-07-26,Greenland,70.976,-39.550,3096.000,Morris and Wingham (2014),828,8.340,551.036,7.103,
T35_2006_May,2263,2006-05-22,Greenland,70.976,-39.550,3096.000,Morris and Wingham (2014),828,8.275,550.068,6.905,
T41_2004_Aug,2252,2004-08-25,Greenland,71.079,-37.920,3201.000,Morris and Wingham (2014),1084,11.160,553.831,11.125,
T41_2004_Aug_b,2254,2004-08-21,Greenland,71.079,-37.920,3201.000,Morris and Wingham (2014),1122,11.220,550.822,11.198,
T41_2004_Aug_c,2258,2004-08-27,Greenland,71.079,-37.920,3201.000,Morris and Wingham (2014),1248,12.500,563.458,12.256,
T41_2004_May,2244,2004-05-26,Greenland,71.079,-37.920,3201.000,Morris and Wingham (2014),1183,11.830,574.963,11.575,
T41_2004_May_a,2245,2004-05-28,Greenland,71.079,-37.920,3201.000,Morris and Wingham (2014),1149,11.490,552.883,11.326,
T41_2004_May_c,2291,2004-05-24,Greenland,71.079,-37.920,3201.000,Morris and Wingham (2014),1284,12.840,563.439,11.684,
T41_2006_Jul,2274,2006-07-23,Greenland,71.079,-37.920,3201.000,Morris and Wingham (2014),950,9.490,550.749,9.259,
T41_2006_Jul_a,2278,2006-07-21,Greenland,71.079,-37.920,3201.000,Morris and Wingham (2014),849,8.490,559.342,8.408,
T41_2006_May,2248,2006-05-26,Greenland,71.079,-37.920,3201.000,Morris and Wingham (2014),861,8.609,550.629,8.555,
T41_2006_May_c,2264,2006-05-24,Greenland,71.079,-37.920,3201.000,Morris and Wingham (2014),957,9.570,552.310,9.014,
T43_1959,927,1959-06-22,Greenland,71.117,-37.317,3174.000,Renaud et al. (1959),18,15.205,572.000,12.924,
T53_1959,928,1959-06-26,Greenland,71.350,-33.483,2867.000,Renaud et al. (1959),34,26.625,647.000,15.107,
T61_1959,929,1959-07-28,Greenland,72.233,-32.333,2750.000,Renaud et al. (1959),18,13.400,552.000,12.867,
Tunu-1,2225,1996-05-01,Greenland,78.017,-33.994,2113.000,Mosley-Thompson et al. (2001),19,18.505,606.242,13.742,
Tunu-N25,2226,1996-05-01,Greenland,78.330,-33.888,2050.000,Mosley-Thompson et al. (2001),15,14.500,553.432,13.853,
Tunu-N_main,2224,1996-05-01,Greenland,78.017,-33.994,2113.000,Mosley-Thompson et al. (2001),69,68.535,871.859,13.646,58.862
U3 (2003),2016,1981-01-01,Greenland,64.933,-44.403,2574.000,van der Veen et al. (2001),128,15.045,820.000,5.558,
U4 (2004),2017,1981-01-01,Greenland,64.982,-45.973,2489.000,van der Veen et al. (2001),140,15.985,883.000,9.424,11.550
U6 (2006),2018,1981-01-01,Greenland,65.293,-44.166,2472.000,van der Veen et al. (2001),106,14.970,961.000,9.732,12.080
U7 (2007),2019,1981-01-01,Greenland,65.247,-44.591,2535.000,van der Veen et al. (2001),126,15.010,947.000,10.212,13.930
Wegener_RA145_1930-07-21,2395,1930-07-21,Greenland,71.192,-46.989,2155.000,Jülg (1939) as in Abermann et al. (2023),3,1.110,590.000,0.940,
Wegener_RA170_1930-07-22,2400,1930-07-22,Greenland,71.191,-46.281,2255.000,Jülg (1939) as in Abermann et al. (2023),4,1.285,560.000,0.704,
ngt03C93.2_B16,612,1993-01-01,Greenland,73.940,-37.630,3040.000,"Wilhelms et al. (2000a,b,c,d)",31728,102.355,918.300,13.012,59.827
ngt06C93.2_B17,613,1993-01-01,Greenland,75.250,-37.625,2820.000,"Wilhelms et al. (2000a,b,c,d)",94093,100.806,960.200,14.210,59.285
ngt14C93.2_B18,614,1993-01-01,Greenland,76.617,-36.403,2508.000,"Wilhelms et al. (2000a,b,c,d)",78419,143.161,921.700,13.934,57.952
ngt19C.0_B19,2012,1994-01-01,Greenland,78.000,-36.230,2234.000,NGT: Wilhelms (1996),995,99.931,924.201,17.107,63.926
ngt27C94.2_B21,615,1994-01-01,Greenland,80.000,-41.137,2185.000,"Wilhelms et al. (2000a,b,c,d)",73869,95.999,902.600,15.316,58.327
ngt37C95.2_B26,616,1995-01-01,Greenland,77.253,-49.217,2598.000,"Miller and Schwager (2000a,b)",105990,119.641,903.300,13.630,64.752
ngt42C95.2_B29,617,1995-01-01,Greenland,76.004,-43.492,2874.000,"Miller and Schwager (2000a,b)",102555,109.834,898.600,16.393,64.067
,34,2023-06-04,Greenland,69.939,-46.565,,Harper and Humphrey (2023),159,25.345,836.450,12.585,14.542
,141,1953-07-10,Greenland,76.411,-67.815,850.000,"Benson (1962, 2010, 2013)",18,1.370,565.000,0.591,
,145,1953-07-16,Greenland,76.544,-66.204,908.000,"Benson (1962, 2010, 2013)",24,4.868,906.000,2.972,2.900
,171,1953-08-18,Greenland,77.300,-49.940,2441.000,"Benson (1962, 2010, 2013)",37,10.724,574.000,10.424,
,174,1954-05-28,Greenland,76.367,-67.992,745.000,"Benson (1962, 2010, 2013)",18,3.868,848.000,3.372,2.578
,178,1954-05-28,Greenland,76.402,-67.308,799.000,"Benson (1962, 2010, 2013)",7,3.320,674.000,3.256,
,183,1954-05-31,Greenland,76.518,-66.387,874.000,"Benson (1962, 2010, 2013)",12,5.162,592.000,2.839,
,190,1954-06-14,Greenland,76.722,-65.390,1310.000,"Benson (1962, 2010, 2013)",53,14.365,694.000,11.866,
,206,1954-06-24,Greenland,77.238,-62.328,1704.000,"Benson (1962, 2010, 2013)",70,16.706,856.000,10.396,16.225
,210,1954-06-26,Greenland,77.217,-61.022,1864.000,"Benson (1962, 2010, 2013)",33,8.850,557.000,8.648,
,213,1954-07-04,Greenland,77.183,-60.393,1887.000,"Benson (1962, 2010, 2013)",58,15.092,603.000,10.308,
,219,1954-07-12,Greenland,77.128,-58.445,1905.000,"Benson (1962, 2010, 2013)",42,10.259,559.000,8.736,
,221,1954-07-16,Greenland,77.093,-57.818,1919.000,"Benson (1962, 2010, 2013)",67,14.136,705.000,11.401,
,239,1955-05-20,Greenland,77.150,-62.900,1630.000,"Benson (1962, 2010, 2013)",23,1.710,670.000,0.708,
,290,1955-07-10,Greenland,72.467,-40.333,3104.000,"Benson (1962, 2010, 2013)",64,4.095,575.000,3.637,
,309,1955-08-08,Greenland,70.462,-43.583,2646.000,"Benson (1962, 2010, 2013)",35,6.577,596.000,5.165,
,317,1955-08-14,Greenland,70.105,-45.733,2283.000,"Benson (1962, 2010, 2013)",42,7.034,562.000,5.847,
,319,1955-08-16,Greenland,70.040,-46.133,2206.000,"Benson (1962, 2010, 2013)",37,6.576,570.000,6.501,
,320,1955-08-16,Greenland,69.977,-46.500,2146.000,"Benson (1962, 2010, 2013)",41,6.824,569.000,4.429,
,323,1955-08-16,Greenland,69.917,-46.933,2012.000,"Benson (1962, 2010, 2013)",38,7.150,648.000,6.876,
,352,2005-09-08,Greenland,72.550,-38.100,3209.000,Chellman et al. (2009),33,0.975,698.990,0.640,
,398,2009-08-08,Greenland,72.550,-38.100,3209.000,Chellman et al. (2009),33,0.975,651.515,0.785,
,427,2012-03-22,Greenland,72.550,-38.100,3209.000,Chellman et al. (2009),33,0.975,593.939,0.520,
,441,2013-05-16,Greenland,72.550,-38.100,3209.000,Chellman et al. (2009),33,0.975,640.404,0.502,
,545,1989-01-01,Greenland,72.580,-38.459,3216.000,Mayewski and Whitlow (2016),14,2.100,703.000,0.841,
,546,1989-01-01,Greenland,72.580,-38.459,3216.000,Mayewski and Whitlow (2016),12,1.920,740.000,0.109,
,547,1989-01-01,Greenland,72.580,-38.459,3216.000,Mayewski and Whitlow (2016),11,1.920,703.000,0.208,
,548,1989-01-01,Greenland,72.580,-38.459,3216.000,Mayewski and Whitlow (2016),12,1.965,627.000,1.312,
,549,1990-01-01,Greenland,72.580,-38.459,3216.000,Mayewski and Whitlow (2016),121,6.025,740.000,3.450,
,562,1984-06-01,Greenland,65.100,-44.870,2625.000,Mayewski et al. (2016d),270,103.900,970.000,6.383,56.705
,594,2015-05-16,Greenland,77.444,-51.069,2450.000,Schaller et al. (2016),15513,1.994,643.300,1.762,
,595,2015-05-18,Greenland,77.367,-50.110,2501.000,Schaller et al. (2016),15490,1.997,597.800,1.746,
,596,2015-05-20,Greenland,77.254,-49.231,2552.000,Schaller et al. (2016),15506,1.980,700.400,1.698,
,597,2015-05-20,Greenland,77.120,-48.171,2596.000,Schaller et al. (2016),13225,1.730,745.600,1.717,
,598,2015-05-20,Greenland,76.982,-47.138,2652.000,Schaller et al. (2016),12466,1.641,572.500,1.477,
,603,2015-05-22,Greenland,76.325,-43.061,2782.000,Schaller et al. (2016),15280,1.996,645.300,1.503,
,605,2015-05-24,Greenland,76.178,-41.160,2766.000,Schaller et al. (2016),15413,2.000,636.600,1.123,
,606,2015-05-24,Greenland,76.105,-40.299,2757.000,Schaller et al. (2016),15522,2.020,672.800,1.199,
,608,2015-05-24,Greenland,75.935,-38.469,2725.000,Schaller et al. (2016),15573,2.000,607.600,1.470,
,609,2015-05-24,Greenland,75.858,-37.697,2708.000,Schaller et al. (2016),15514,2.000,707.800,1.419,
,610,2015-05-26,Greenland,75.706,-36.544,2670.000,Schaller et al. (2016),15607,2.000,685.500,1.605,
,611,2015-05-26,Greenland,75.629,-35.986,2663.000,Schaller et al. (2016),15127,1.966,685.600,1.174,
,618,1987-01-01,Greenland,77.981,-37.704,3188.000,"Bolzan and Strobel (1999a,b,c,d,e,f,g,h,i,j,k,l,m,n,o)",312,16.615,589.350,14.158,
,619,1987-01-01,Greenland,72.212,-35.667,3087.000,"Bolzan and Strobel (2001a,b)",277,14.800,563.650,12.878,
,620,1987-01-01,Greenland,72.294,-37.921,3215.000,"Bolzan and Strobel (2001a,b)",306,8.531,559.980,8.028,
,621,1987-01-01,Greenland,71.602,-38.141,3168.000,"Bolzan and Strobel (1999a,b,c,d,e,f,g,h,i,j,k,l,m,n,o)",319,16.907,583.860,14.875,
,622,1987-01-01,Greenland,71.921,-35.959,3090.000,"Bolzan and Strobel (1999a,b,c,d,e,f,g,h,i,j,k,l,m,n,o)",201,10.985,743.580,7.579,
,623,1987-01-01,Greenland,72.641,-35.944,3160.000,"Bolzan and Strobel (1999a,b,c,d,e,f,g,h,i,j,k,l,m,n,o)",264,14.175,550.800,12.987,
,624,1987-01-01,Greenland,72.349,-40.214,3115.000,"Bolzan and Strobel (1999a,b,c,d,e,f,g,h,i,j,k,l,m,n,o)",308,16.425,591.200,14.779,
,625,1987-01-01,Greenland,72.886,-39.157,3167.000,"Bolzan and Strobel (1999a,b,c,d,e,f,g,h,i,j,k,l,m,n,o)",302,16.190,602.200,13.800,
,626,1987-01-01,Greenland,71.927,-39.835,3112.000,"Bolzan and Strobel (1999a,b,c,d,e,f,g,h,i,j,k,l,m,n,o)",310,16.480,571.000,13.853,
,640,1990-06-20,Greenland,72.596,-38.422,3200.000,Dibb et al. (2017),121,5.975,740.000,3.419,
,643,2013-04-28,Greenland,67.000,-47.023,1840.000,Machguth et al. (2016),172,19.060,931.000,7.064,4.101
,644,2013-04-28,Greenland,66.998,-47.022,1840.000,Machguth et al. (2016),143,15.910,967.000,7.596,7.669
,645,2013-04-30,Greenland,66.978,-46.629,1950.000,Machguth et al. (2016),153,15.965,987.000,7.745,10.234
,646,2013-05-04,Greenland,66.982,-46.119,2060.000,Machguth et al. (2016),156,16.250,906.000,7.212,6.512
,647,2013-05-04,Greenland,66.478,-46.285,2119.000,Machguth et al. (2016),165,16.470,977.000,6.345,11.951
,648,2013-05-04,Greenland,66.473,-46.283,2119.000,Machguth et al. (2016),159,16.325,917.000,3.895,4.675
,649,2013-05-16,Greenland,66.985,-45.755,2142.000,Machguth et al. (2016),156,16.275,874.000,8.478,5.262
,650,2013-05-12,Greenland,66.983,-45.045,2266.000,Machguth et al. (2016),151,16.240,840.000,7.445,5.186
,651,2013-05-20,Greenland,66.985,-44.394,2361.000,Machguth et al. (2016),157,16.960,896.000,6.145,2.815
,652,2012-05-01,Greenland,67.000,-47.021,1840.000,Machguth et al. (2016),106,10.635,956.000,3.909,6.738
,653,2012-05-01,Greenland,67.000,-47.021,1840.000,Machguth et al. (2016),147,10.465,955.000,4.774,5.510
,654,2012-05-01,Greenland,66.998,-47.021,1840.000,Machguth et al. (2016),107,10.235,966.000,6.666,1.853
,655,2015-05-04,Greenland,67.000,-47.025,1840.000,Machguth et al. (2016),136,14.375,920.000,10.928,3.295
,656,2015-05-16,Greenland,65.999,-44.502,2464.000,Machguth et al. (2016),155,16.455,838.000,10.212,4.681
,657,2015-05-20,Greenland,66.632,-46.895,1927.000,Machguth et al. (2016),18,1.755,608.000,1.055,
,662,2016-04-28,Greenland,67.000,-47.026,1838.000,MacFerrin et al. (2019),162,16.460,940.000,11.126,6.907
,663,2017-04-28,Greenland,67.000,-47.023,1840.000,MacFerrin et al. (2019),209,23.230,996.000,9.913,12.265
,664,2017-05-12,Greenland,66.632,-46.895,1927.000,MacFerrin et al. (2019),138,15.155,902.000,7.411,10.635
,665,2015-05-08,Greenland,66.994,-44.385,2355.000,MacFerrin et al. (2022),144,15.605,764.000,9.962,
,666,2015-05-12,Greenland,66.478,-42.496,2376.000,MacFerrin et al. (2022),162,16.610,773.000,5.472,
,667,2015-05-12,Greenland,66.478,-42.497,2378.000,MacFerrin et al. (2022),22,2.125,616.000,1.501,
,668,2015-05-12,Greenland,66.478,-42.496,2368.000,MacFerrin et al. (2022),82,8.245,627.000,6.355,
,669,2015-05-12,Greenland,66.478,-42.496,2384.000,MacFerrin et al. (2022),151,16.255,867.000,8.288,9.613
,670,2015-05-16,Greenland,65.999,-44.502,2451.000,MacFerrin et al. (2022),156,16.335,855.000,5.899,11.345
,672,2015-05-16,Greenland,65.999,-44.502,2453.000,MacFerrin et al. (2022),80,8.255,863.000,7.395,5.418
,673,2015-05-20,Greenland,66.478,-46.286,2126.000,MacFerrin et al. (2022),179,19.240,920.000,8.655,14.129
,674,2015-05-26,Greenland,69.876,-47.029,1942.000,MacFerrin et al. (2022),162,17.255,844.000,3.605,4.678
,676,2015-05-26,Greenland,69.877,-47.029,1942.000,MacFerrin et al. (2022),81,9.350,838.000,5.755,3.805
,677,2015-05-28,Greenland,75.625,-35.979,2661.000,MacFerrin et al. (2022),146,15.320,721.000,10.555,
,681,2015-05-28,Greenland,72.577,-38.470,3203.000,MacFerrin et al. (2022),146,15.750,590.000,12.455,
,684,2015-05-28,Greenland,72.577,-38.469,3203.000,MacFerrin et al. (2022),146,15.870,608.000,12.355,
,685,2016-04-26,Greenland,67.000,-47.026,1838.000,MacFerrin et al. (2022),76,7.845,954.000,1.581,3.384
,686,2016-05-02,Greenland,66.985,-44.395,2314.000,MacFerrin et al. (2022),179,17.945,783.000,13.455,
,687,2016-05-04,Greenland,66.478,-42.496,2372.000,MacFerrin et al. (2022),182,18.350,782.000,12.705,
,688,2016-05-06,Greenland,65.999,-44.502,2453.000,MacFerrin et al. (2022),184,18.450,759.000,15.955,
,689,2016-05-16,Greenland,72.578,-38.469,3209.000,MacFerrin et al. (2022),163,16.230,729.000,15.755,
,690,2016-05-16,Greenland,75.626,-35.978,2664.000,MacFerrin et al. (2022),159,15.840,644.000,14.960,
,691,2016-05-16,Greenland,69.876,-47.031,1936.000,MacFerrin et al. (2022),165,18.045,933.000,9.707,6.719
,692,2016-05-06,Greenland,66.473,-46.283,2126.000,MacFerrin et al. (2022),175,17.290,964.000,10.261,9.161
,693,2017-05-02,Greenland,66.985,-44.394,2361.000,MacFerrin et al. (2022),236,22.190,912.000,6.428,7.665
,694,2017-05-06,Greenland,66.478,-42.496,2372.000,MacFerrin et al. (2022),202,22.505,775.000,11.448,
,695,2017-05-08,Greenland,65.999,-44.502,2453.000,MacFerrin et al. (2022),220,22.625,796.000,5.506,
,696,2017-05-12,Greenland,66.473,-46.283,2126.000,MacFerrin et al. (2022),249,22.925,948.000,7.240,11.860
,697,2017-05-12,Greenland,66.473,-46.283,2126.000,MacFerrin et al. (2022),111,5.480,890.000,1.623,4.006
,698,2017-05-16,Greenland,69.876,-47.031,1936.000,MacFerrin et al. (2022),240,22.230,958.000,7.820,5.974
,699,2017-05-18,Greenland,75.626,-35.978,2664.000,MacFerrin et al. (2022),197,20.085,791.000,14.620,
,700,2017-05-20,Greenland,72.578,-38.469,3209.000,MacFerrin et al. (2022),215,22.120,605.000,11.495,
,701,2009-05-16,Greenland,69.644,-48.816,1333.000,Harper et al. (2012),31,7.940,910.000,0.212,1.895
,702,2008-05-08,Greenland,69.660,-48.689,1401.000,Harper et al. (2012),29,9.480,868.000,0.795,3.740
,703,2008-05-28,Greenland,69.674,-48.591,1497.000,Harper et al. (2012),33,9.345,841.000,7.520,8.143
,704,2008-05-18,Greenland,69.687,-48.500,1540.000,Harper et al. (2012),44,10.255,926.000,3.629,8.695
,705,2008-05-22,Greenland,69.725,-48.190,1660.000,Harper et al. (2012),41,10.220,871.000,3.835,5.605
,706,2008-05-20,Greenland,69.706,-48.345,1555.000,Harper et al. (2012),37,10.050,912.000,2.771,10.050
,707,2008-05-20,Greenland,69.720,-48.267,1644.000,Harper et al. (2012),48,10.195,848.000,2.966,5.415
,708,2008-05-28,Greenland,69.739,-48.240,1680.000,Harper et al. (2012),44,10.165,894.000,5.279,6.047
,709,2008-05-24,Greenland,69.738,-48.061,1710.000,Harper et al. (2012),46,10.395,873.000,6.660,3.989
,710,2007-06-28,Greenland,69.738,-48.061,1710.000,Harper et al. (2012),27,10.340,898.000,6.026,6.338
,711,2007-06-28,Greenland,69.757,-47.880,1750.000,Harper et al. (2012),29,10.425,731.000,8.100,
,712,2007-07-08,Greenland,69.784,-47.670,1819.000,Harper et al. (2012),33,10.155,854.000,8.762,5.574
,713,2007-07-04,Greenland,69.801,-47.568,1845.000,Harper et al. (2012),31,10.175,688.000,6.787,
,714,2007-07-04,Greenland,69.806,-47.542,1856.000,Harper et al. (2012),34,10.240,645.000,2.009,
,715,2007-07-04,Greenland,69.793,-47.608,1835.000,Harper et al. (2012),33,10.095,775.000,8.719,
,716,2007-07-08,Greenland,69.820,-47.450,1877.000,Harper et al. (2012),36,10.335,733.000,1.874,
,717,2007-07-08,Greenland,69.848,-47.274,1932.000,Harper et al. (2012),35,9.975,766.000,4.009,
,718,2007-07-01,Greenland,69.876,-47.010,1997.000,Harper et al. (2012),32,10.140,653.000,6.640,
,719,2007-07-01,Greenland,69.876,-47.010,1997.000,Harper et al. (2012),29,9.885,557.000,9.473,
,720,2007-07-06,Greenland,69.876,-47.010,1997.000,Harper et al. (2012),41,10.160,652.000,8.993,
,721,2007-07-06,Greenland,69.876,-47.010,1997.000,Harper et al. (2012),33,10.050,571.000,5.607,
,722,2007-07-10,Greenland,69.876,-47.010,1997.000,Harper et al. (2012),38,10.185,667.000,9.339,
,840,2016-07-08,Greenland,67.049,-49.023,1215.000,Cooper et al. (2018),8,0.925,820.000,0.478,
,842,2016-07-08,Greenland,67.048,-49.026,1215.000,Cooper et al. (2018),7,0.850,714.000,0.199,
,843,2016-07-08,Greenland,67.048,-49.028,1215.000,Cooper et al. (2018),10,0.855,909.000,0.210,0.290
,846,2016-07-08,Greenland,67.046,-49.033,1215.000,Cooper et al. (2018),8,0.990,787.000,0.594,
,848,2016-07-08,Greenland,67.045,-49.035,1215.000,Cooper et al. (2018),7,0.790,690.000,0.379,
,879,2016-05-20,Greenland,75.630,-35.980,2663.000,Schaller et al. (2017),39373,4.998,661.392,1.718,
,881,2016-05-20,Greenland,75.630,-35.980,2663.000,Schaller et al. (2017),39126,4.999,624.088,1.634,
,883,2016-05-20,Greenland,75.630,-35.980,2663.000,Schaller et al. (2017),39227,4.992,735.466,1.712,
,885,2016-05-20,Greenland,75.630,-35.980,2663.000,Schaller et al. (2017),39157,4.997,630.606,1.713,
,889,2016-05-20,Greenland,75.630,-35.980,2663.000,Schaller et al. (2017),39099,4.999,744.648,2.095,
,891,2016-05-20,Greenland,75.630,-35.980,2663.000,Schaller et al. (2017),39026,4.990,737.029,2.163,
,897,2016-05-20,Greenland,75.630,-35.980,2663.000,Schaller et al. (2017),39399,4.998,586.002,1.788,
,899,2016-05-20,Greenland,75.630,-35.980,2663.000,Schaller et al. (2017),39159,4.994,651.712,3.002,
,901,2016-05-20,Greenland,75.630,-35.980,2663.000,Schaller et al. (2017),38929,4.997,648.261,1.635,
,903,2016-05-20,Greenland,75.630,-35.980,2663.000,Schaller et al. (2017),39268,4.998,670.959,1.914,
,905,2016-05-20,Greenland,75.630,-35.980,2663.000,Schaller et al. (2017),39088,5.000,688.067,1.674,
,907,2016-05-20,Greenland,75.630,-35.980,2663.000,Schaller et al. (2017),38819,5.000,795.056,1.942,
,909,2016-05-20,Greenland,75.630,-35.980,2663.000,Schaller et al. (2017),39217,4.998,577.731,1.668,
,911,2016-05-20,Greenland,75.630,-35.980,2663.000,Schaller et al. (2017),39353,5.000,713.657,1.931,
,913,2016-05-20,Greenland,75.630,-35.980,2663.000,Schaller et al. (2017),39204,4.995,571.423,1.902,
,915,2016-05-20,Greenland,75.630,-35.980,2663.000,Schaller et al. (2017),39167,4.997,634.374,1.785,
,917,2016-05-20,Greenland,75.630,-35.980,2663.000,Schaller et al. (2017),39287,5.000,647.531,1.622,
,921,2016-05-20,Greenland,75.630,-35.980,2663.000,Schaller et al. (2017),39173,4.998,602.064,1.696,
,955,2015-04-12,Greenland,66.362,-39.312,1664.000,Miller et al. (2018),200,49.847,998.650,5.054,22.019
,956,2015-08-02,Greenland,66.355,-39.179,1543.000,Miller et al. (2018),172,49.920,982.704,1.643,35.612
,958,2016-07-28,Greenland,66.358,-39.239,1619.000,Miller et al. (2018),202,38.330,974.928,2.857,13.356
,959,2016-08-01,Greenland,66.353,-39.135,1519.000,Miller et al. (2018),260,49.250,999.493,2.348,26.885
,1744,2006-01-01,Greenland,72.550,-38.309,3210.000,Fain et al. (2009),166,10.015,593.093,8.504,
,1750,2007-01-01,Greenland,72.594,-38.625,3210.000,Adolph et al. (2014),369,24.467,621.246,16.585,
,1759,2013-05-08,Greenland,73.873,-41.800,,Polashenski et al. (2015),18,2.365,626.100,1.662,
,1765,2013-05-16,Greenland,77.058,-49.600,,Polashenski et al. (2015),19,1.185,575.200,0.623,
,1767,2013-05-18,Greenland,77.042,-54.517,,Polashenski et al. (2015),19,1.650,570.400,1.619,
,1768,2013-05-20,Greenland,77.217,-61.022,,Polashenski et al. (2015),19,1.695,633.000,1.663,
,1773,2013-05-24,Greenland,78.000,-58.000,,Polashenski et al. (2015),20,1.545,584.700,1.337,
,1895,2016-10-28,Greenland,69.731,-48.133,,Otosaka et al. (2020),10,3.020,917.000,0.975,1.905
,1896,2016-10-28,Greenland,69.811,-47.510,,Otosaka et al. (2020),45,4.387,917.000,0.618,0.756
,1897,2016-10-28,Greenland,69.851,-47.253,,Otosaka et al. (2020),49,4.476,917.000,1.397,0.768
,1898,2017-03-30,Greenland,69.852,-47.255,,Otosaka et al. (2020b),25,3.155,917.000,2.011,1.501
,1899,2017-03-30,Greenland,70.020,-46.306,,Otosaka et al. (2020b),11,2.927,917.000,1.813,1.761
,1900,2017-03-30,Greenland,70.176,-45.345,,Otosaka et al. (2020b),13,5.035,917.000,4.969,2.315
,1903,2017-03-30,Greenland,71.079,-37.920,,Otosaka et al. (2020b),7,4.640,583.000,2.336,
,1905,2016-05-04,Greenland,66.984,-45.753,,Graeter et al. (2018),133,30.630,873.796,7.739,18.733
,1907,2016-05-12,Greenland,67.499,-44.999,,Graeter et al. (2018),113,30.515,895.912,6.301,7.590
,1909,2016-05-16,Greenland,67.831,-45.094,,Graeter et al. (2018),98,27.500,872.334,6.220,5.048
,1911,2016-05-20,Greenland,68.419,-44.911,,Graeter et al. (2018),100,27.630,874.514,8.812,9.118
,1913,2016-05-24,Greenland,68.999,-45.000,,Graeter et al. (2018),101,26.787,981.388,7.736,7.507
,1915,2016-05-28,Greenland,69.572,-45.346,,Graeter et al. (2018),88,27.892,877.691,10.332,6.989
,1917,2016-06-02,Greenland,70.302,-44.564,,Graeter et al. (2018),59,21.468,632.884,9.913,
,1919,2017-05-12,Greenland,70.559,-46.731,,Lewis et al. (2019),67,29.291,867.369,4.405,5.360
,1921,2017-05-16,Greenland,71.043,-47.224,,Lewis et al. (2019),74,26.573,826.545,16.536,
,1923,2017-05-24,Greenland,71.926,-47.486,,Lewis et al. (2019),77,26.968,705.296,10.498,
,1925,2017-05-28,Greenland,72.200,-49.400,,Lewis et al. (2019),63,26.067,670.221,11.133,
,1927,2017-06-01,Greenland,72.535,-50.017,,Lewis et al. (2019),92,31.756,733.515,11.816,
,1929,2017-06-08,Greenland,73.010,-50.131,,Lewis et al. (2019),92,32.300,712.065,9.613,
,1931,2017-06-10,Greenland,73.831,-49.478,,Lewis et al. (2019),67,28.171,669.731,10.671,
,1933,2017-06-12,Greenland,73.593,-47.197,,Lewis et al. (2019),65,27.610,652.040,12.460,
,1935,2017-06-16,Greenland,72.999,-44.997,,Lewis et al. (2019),59,22.381,657.698,12.208,
,1936,2015-05-01,Greenland,69.662,-52.733,,Sarah et al. (2018),576,20.898,920.390,6.535,15.557
,1939,2015-05-01,Greenland,68.892,-43.502,,Trusel et al. (2018),1830,103.498,909.131,12.248,68.837
,1945,2017-05-14,Greenland,66.527,-46.887,1963.000,Rennermalm et al. (2021),145,20.340,915.000,6.265,8.300
,1946,2017-04-28,Greenland,66.865,-46.265,2060.000,Rennermalm et al. (2021),182,24.825,912.000,2.926,8.215
,1947,2017-05-01,Greenland,66.865,-46.265,2060.000,Rennermalm et al. (2021),33,4.680,881.000,1.192,3.550
,1948,2017-05-13,Greenland,66.478,-46.287,2112.000,Rennermalm et al. (2021),202,26.335,916.000,10.636,7.391
,1949,2017-05-16,Greenland,66.535,-45.959,2163.000,Rennermalm et al. (2021),152,20.485,881.000,6.850,9.940
,1950,2017-05-08,Greenland,66.985,-44.395,2355.000,Rennermalm et al. (2021),174,23.115,872.000,4.175,6.591
,1951,2018-04-29,Greenland,67.000,-47.029,1840.000,Rennermalm et al. (2021),24,2.873,914.000,1.348,2.675
,1952,2018-05-19,Greenland,66.983,-45.046,2266.000,Rennermalm et al. (2021),95,17.895,875.000,8.396,12.666
,1953,2018-05-09,Greenland,66.478,-46.287,2112.000,Rennermalm et al. (2021),159,19.538,916.000,7.996,5.457
,1954,2018-05-18,Greenland,66.478,-46.287,2112.000,Rennermalm et al. (2021),45,5.235,868.000,4.035,3.004
,1955,2018-05-18,Greenland,66.478,-46.287,2112.000,Rennermalm et al. (2021),47,6.310,862.000,2.677,4.813
,1956,2018-05-18,Greenland,66.478,-46.287,2112.000,Rennermalm et al. (2021),49,5.508,914.000,4.117,4.432
,1957,2018-05-18,Greenland,66.478,-46.287,2112.000,Rennermalm et al. (2021),49,5.843,880.000,5.228,4.355
,1958,2019-05-19,Greenland,66.478,-46.289,2113.000,Rennermalm et al. (2021),133,20.660,901.000,6.787,6.936
,1959,2019-05-10,Greenland,67.000,-47.030,1825.000,Rennermalm et al. (2021),41,4.685,911.000,0.633,3.670
,1960,2019-05-07,Greenland,66.978,-46.628,1955.000,Rennermalm et al. (2021),174,20.155,914.000,2.055,3.665
,1961,2019-05-03,Greenland,66.983,-46.120,2056.000,Rennermalm et al. (2021),130,20.385,911.000,8.825,15.364
,1962,2019-05-06,Greenland,66.985,-45.754,2128.000,Rennermalm et al. (2021),85,10.605,912.000,6.892,5.686
,1963,2019-05-09,Greenland,66.984,-45.754,2135.000,Rennermalm et al. (2021),124,20.343,895.000,4.405,6.454
,1964,2019-05-21,Greenland,66.527,-46.947,1959.000,Rennermalm et al. (2021),169,21.310,912.000,4.045,12.458
,1965,2019-05-28,Greenland,66.547,-47.024,1905.000,Rennermalm et al. (2021),119,11.078,893.000,0.932,8.191
,1966,2019-05-27,Greenland,66.554,-47.067,1900.000,Rennermalm et al. (2021),127,11.110,906.000,8.048,5.632
,1967,2019-05-26,Greenland,66.547,-47.024,1898.000,Rennermalm et al. (2021),92,10.592,914.000,6.330,4.327
,1968,2019-05-23,Greenland,66.560,-47.106,1895.000,Rennermalm et al. (2021),124,10.797,914.000,0.914,3.222
